0.113895,0.326479,-0.082736,0.058452,-0.575937,-0.535259,-0.529612,-0.562719,0.113579,-0.575101,0.043081,-0.003905,0.005486,0.032526,0.046375,0.043178,0.037605,0.046534,-0.308959,-0.344440,-0.234502,-0.112052,0.005832,0.127470,-0.545427,-0.561835,-0.056798,-0.136483,-0.198714,-0.197818,-0.136662,-0.064581,0.053892,-0.450203,0.029408,-0.152795,-0.154773,-0.105833,-0.000301,0.056198,0.081967,-0.575664,0.128190,0.117759,0.076264,0.029875,-0.030579,-0.093834,-0.102502,-0.085580,0.070190,0.033045,-0.156387,-0.217040,-0.104169,0.072523,-0.527700,-0.409843,0.114383,0.006597,-0.067286,-0.081145,-0.070111,-0.034869,0.043032,-0.543020,-0.505995,0.085832,-0.328520,-0.183129,-0.097510,-0.501554,0.439068,-0.189845,0.281389,-0.065908,-0.518113,-0.472610,-0.205869,0.069767,-0.088828,0.323933,0.369369,0.342568,0.366288,-0.336161,-0.236160,-0.131451,-0.058872,-0.013698,0.069581,-0.502995,-0.246501,-0.065618,0.172342,
-0.050628,0.282672,-0.090917,-0.506574,-0.195667,0.071099,0.289116,0.207443,0.010876,-0.232684,0.453783,-0.477992,-0.029257,-0.231639,-0.472229,0.157989,-0.082623,-0.081326,0.585538,-0.567684,-0.311587,0.149837,0.071838,-0.078176,0.048100,0.066941,0.347431,0.175259,0.176552,0.266880,0.396463,-0.192203,0.074460,-0.249399,0.044283,0.491311,0.453412,-0.226302,-0.018891,0.116040,-0.552019,-0.430421,-0.534244,-0.535040,-0.550024,0.090302,-0.071502,-0.189783,-0.205783,-0.221306,0.141562,0.065818,0.486923,0.367519,0.527957,0.171525,-0.351738,-0.193191,0.161897,-0.029795,-0.107843,-0.122911,-0.115642,-0.057272,0.054880,-0.458568,-0.453622,0.011295,-0.245540,-0.241606,0.138550,-0.231095,0.619066,0.029010,-0.547200,0.457290,-0.291437,0.014800,0.185764,-0.416321,0.517224,0.488147,-0.050226,0.007901,0.077604,-0.520055,-0.272056,0.154875,-0.282141,-0.053422,0.196909,-0.139682,0.210918,0.223892,0.262469,
-0.519001,0.143997,-0.155969,-0.201823,-0.271558,0.302111,0.099402,-0.088098,0.127547,0.468203,0.431026,-0.466442,-0.194485,0.201925,0.236834,0.148317,0.486125,0.323584,-0.154985,-0.010877,-0.109454,-0.319266,0.080682,-0.474825,-0.394611,-0.038111,-0.283575,-0.172729,-0.038951,0.158707,0.318769,-0.271561,-0.011837,-0.425975,0.072770,0.587260,0.490990,0.520078,-0.060015,0.128718,-0.548605,0.192768,0.101928,0.129945,-0.560892,-0.590899,-0.037081,-0.152328,-0.179289,-0.173488,0.019508,0.014390,0.590966,0.502581,0.584254,0.168766,0.308571,-0.406006,0.035712,-0.047232,-0.043058,-0.035298,-0.044706,-0.036895,0.023919,-0.464431,-0.362609,-0.196533,0.261837,0.338465,0.323472,0.476877,-0.465931,0.151487,-0.071206,0.266401,0.100239,0.331331,0.301863,0.299415,-0.148423,0.072267,-0.303038,-0.240831,-0.246755,-0.210265,0.016945,0.128524,0.308761,-0.231959,0.263167,0.182334,0.226008,0.146766,0.349162,
-0.498357,0.198215,-0.096296,-0.447768,-0.126385,-0.102197,-0.407345,-0.074045,-0.157634,0.156000,-0.102289,0.586301,-0.013759,0.130892,0.144198,0.090993,0.047970,0.052921,-0.115027,0.530103,0.525989,-0.149511,-0.046602,0.023650,0.077252,0.064616,-0.137257,0.483037,0.386009,0.333418,0.325123,0.377645,-0.101335,0.258602,0.089057,-0.085267,0.536076,0.526647,-0.053949,0.167040,0.178194,0.016615,0.041932,0.112157,0.189498,0.157192,0.018705,-0.129718,0.555304,0.614589,-0.032370,0.030378,-0.006558,0.011643,-0.607933,-0.529326,0.214756,0.150589,-0.100059,-0.092310,-0.007462,0.056533,0.069789,0.012850,0.066708,-0.371074,-0.370995,0.390441,0.144159,0.308439,0.002306,-0.115642,-0.342547,0.207925,-0.079884,-0.287340,-0.182659,0.180935,0.397207,-0.177549,0.281792,-0.028250,0.591222,-0.553189,-0.486434,-0.204130,0.254283,0.353066,0.508234,0.034808,-0.602487,0.448003,0.445759,0.451202,-0.199550,
-0.364363,0.032699,-0.122057,-0.444079,-0.344612,-0.448050,0.134343,-0.036714,-0.073875,-0.036690,-0.006396,0.000395,0.025062,0.053811,0.075908,0.079499,0.077610,0.023407,-0.102904,-0.173123,-0.170963,-0.091105,-0.001767,0.049708,0.072924,-0.029980,-0.122402,0.542667,0.493157,0.488329,0.512350,0.558617,-0.039894,0.105407,-0.005785,-0.120075,0.612827,-0.657773,-0.551665,0.141837,0.036382,-0.208075,-0.069194,0.083808,0.209669,0.202889,0.096763,-0.119085,0.538137,-0.165736,-0.024611,0.043313,0.060201,0.097773,0.112810,0.093424,0.031909,-0.105034,-0.140272,-0.083168,0.041474,-0.568705,-0.548171,0.109379,0.059111,0.149048,0.179392,0.387670,0.072069,0.155079,-0.240642,-0.079208,-0.270639,0.265023,0.113219,0.132618,0.212429,-0.301245,0.200963,0.210532,0.442251,0.223085,-0.776060,-0.265676,-0.307559,-0.000096,-0.058355,-0.088505,-0.117431,0.514945,0.579344,-0.107757,0.562043,-0.169912,-0.115516,
-0.254666,0.267514,-0.117315,0.073435,0.075539,0.035557,0.010210,-0.004648,0.002706,-0.006584,0.047607,0.047054,0.010312,-0.000144,0.039917,0.086195,0.101440,0.050569,-0.061735,-0.116570,-0.113635,-0.050523,0.013698,0.048827,0.049271,-0.028392,-0.077583,-0.112022,-0.124923,-0.100711,-0.053120,-0.030376,-0.008297,-0.021485,-0.035809,-0.035844,0.024431,0.059772,0.046072,-0.013803,-0.052447,-0.063754,-0.053453,-0.020293,0.030557,0.046519,0.028551,-0.021722,-0.060395,-0.119228,-0.023138,0.017263,0.035323,0.041178,0.039075,0.025477,0.001840,-0.055200,-0.043956,-0.007790,0.055041,0.095390,0.075546,0.028319,0.000396,-0.002542,0.054151,-0.182265,-0.010446,-0.285823,-0.499348,0.061394,0.136279,-0.244480,-0.130051,0.564698,0.544834,0.406877,-0.405621,0.490676,0.510149,0.506127,-0.483605,-0.156673,-0.202998,0.120322,0.241613,0.097046,-0.001856,-0.087902,0.005254,-0.091128,-0.110215,-0.097157,-0.058056,
-0.306987,0.285434,-0.146458,-0.044726,-0.046020,-0.053330,-0.022959,0.016583,0.044253,0.052470,0.044822,0.021590,-0.010436,-0.007527,0.037185,0.091982,0.094062,0.047954,-0.026208,-0.065635,-0.067231,-0.033493,0.002573,0.025969,0.025710,-0.001983,-0.052278,-0.088756,-0.092587,-0.073015,-0.036521,-0.016399,-0.002566,-0.004513,-0.028398,-0.022513,0.031654,0.059833,0.027362,-0.034760,-0.070616,-0.073507,-0.059259,-0.038884,0.008710,0.026181,0.014648,-0.013180,-0.032178,-0.050789,-0.014068,0.006803,0.015728,0.014273,0.011555,0.004702,-0.010133,-0.046324,-0.003042,0.041946,0.084461,0.084052,0.032356,-0.017820,-0.030933,-0.008949,0.074707,-0.131588,-0.063668,-0.424388,-0.532305,-0.506073,0.465790,0.149331,0.132515,0.160042,0.057541,-0.188257,-0.137495,0.060358,-0.040081,0.576049,-0.449403,0.094327,0.306162,-0.049173,0.090957,0.032920,0.075415,0.140530,0.222243,-0.139354,-0.091051,-0.044936,-0.005372,
-0.477704,-0.107024,0.342965,-0.210307,-0.184182,0.560490,-0.050833,0.099207,0.176955,0.165144,0.047244,-0.019193,-0.039435,0.006504,0.108832,0.204826,0.166230,0.046799,-0.029421,-0.070425,-0.074559,-0.044574,-0.007145,0.029167,0.036781,0.033907,-0.097323,-0.185268,0.551282,-0.141917,-0.066215,-0.002022,0.038076,0.052823,-0.010762,-0.011511,0.039238,0.058967,0.000933,-0.087418,-0.130195,-0.171555,-0.107976,-0.065568,0.030257,0.068183,0.041219,-0.022379,-0.019727,0.054834,0.004729,-0.003161,-0.024621,-0.021543,-0.024794,-0.029764,-0.043001,-0.106191,0.060776,-0.534236,-0.477368,-0.529972,0.031481,-0.119461,-0.124418,0.039316,-0.451680,0.471498,0.473806,-0.169623,-0.295729,0.002711,-0.533349,0.197087,-0.113056,0.059815,0.042161,-0.084114,0.107653,0.277873,0.483226,0.057296,0.095453,-0.402595,-0.156115,-0.315563,-0.004329,-0.018846,0.000994,0.010782,0.066672,-0.083364,-0.037466,0.008626,0.033875,
0.145539,-0.256956,0.233690,0.489795,0.540633,0.559950,-0.027417,0.104877,0.116691,0.015153,-0.060024,-0.082762,-0.034118,0.037991,0.109907,0.127512,0.061029,-0.051025,-0.019715,-0.009947,0.001545,-0.005543,0.000030,0.016495,0.022518,0.057496,-0.088471,-0.181605,-0.167451,-0.114079,-0.028701,0.054881,0.096210,-0.556775,-0.598422,0.057845,-0.023048,-0.082953,-0.117517,-0.168904,0.550091,0.458847,-0.136570,-0.014065,-0.543810,-0.455927,-0.539878,-0.010899,0.042591,-0.136111,-0.571638,-0.078643,0.494307,0.492334,0.468393,0.497356,0.507484,0.297158,-0.222966,0.197053,0.302602,0.249104,-0.294398,0.369956,-0.336151,-0.048431,-0.324120,0.244610,0.429711,0.057777,0.602383,-0.063635,0.126596,0.309618,-0.615243,0.441026,-0.276220,-0.233133,0.108009,0.357452,0.674560,-0.052122,-0.046349,-0.005498,-0.489552,-0.101928,0.071460,0.010692,-0.071913,0.520123,0.470501,0.069724,0.014620,0.032735,0.044234,
0.121374,-0.384583,0.063279,0.482327,-0.085395,-0.041928,-0.048399,-0.053205,-0.078515,-0.183280,-0.151470,-0.117416,-0.004412,0.065813,0.087750,0.022456,-0.051389,-0.159029,-0.009539,0.042061,0.072504,0.047761,0.029369,0.028073,0.028460,0.095492,-0.081458,0.547703,-0.158216,-0.092734,0.008038,0.089374,0.137580,-0.486087,0.162038,0.070412,-0.056056,-0.166185,-0.168620,-0.152239,-0.143443,0.461136,-0.071677,0.077267,-0.522895,-0.484044,0.168587,0.017488,0.012851,0.236428,0.024811,-0.019314,-0.042193,-0.047273,-0.065106,-0.068943,-0.068522,-0.136600,0.139088,-0.486792,-0.457578,-0.507195,0.095902,-0.025618,-0.003871,-0.517300,-0.438977,0.461861,0.375277,-0.194955,-0.300655,0.113544,-0.124865,-0.741631,-0.245363,0.454334,0.235831,-0.030462,-0.427810,-0.580232,-0.464700,-0.023702,-0.173810,0.368667,0.381890,0.476578,0.000193,0.004293,-0.036734,-0.160642,0.463419,0.144476,0.039674,0.036946,0.044694,
-0.515754,-0.050248,0.392006,-0.133325,-0.036602,-0.009422,-0.030439,-0.049440,-0.062237,-0.089929,-0.082287,-0.060100,-0.007852,0.020989,0.030484,-0.000335,-0.039115,-0.121229,-0.023720,0.011728,0.028452,0.027241,0.027275,0.023807,0.025160,0.045465,-0.023667,-0.065645,-0.047186,-0.029236,-0.010939,0.009961,0.039828,0.108972,0.038558,0.010958,-0.005102,-0.041251,-0.065552,-0.070175,-0.062196,0.587479,-0.043878,0.027837,0.083840,0.096741,0.059416,-0.001648,-0.018679,0.014888,-0.016571,-0.008779,0.001776,0.011730,0.009840,-0.008088,-0.018751,-0.010142,0.041284,0.063548,0.061277,0.049372,0.030363,0.025112,0.033176,0.057464,0.043873,-0.059481,-0.107018,-0.527980,0.158835,-0.313694,-0.254983,-0.599056,-0.628852,0.234845,0.399140,0.377521,0.078356,-0.181327,0.606470,0.125282,0.091016,-0.546781,-0.416496,-0.281844,0.044748,0.029767,0.008793,-0.166269,0.482436,0.102492,0.018615,0.008543,0.048807,
-0.580560,-0.220050,0.251933,0.521476,-0.082983,-0.027551,-0.038050,-0.058660,-0.065901,-0.057358,-0.078740,-0.067615,-0.022625,0.009791,0.036541,0.022780,-0.016567,-0.091634,-0.059979,-0.037396,-0.016156,0.016619,0.043282,0.044089,0.056092,0.072777,-0.014166,-0.052508,-0.024028,-0.004862,-0.019028,-0.007675,0.043164,0.149397,-0.001251,-0.008178,0.022653,0.015313,-0.040493,-0.089029,-0.075972,-0.049478,-0.102344,-0.008677,0.104720,0.166189,0.157140,0.032535,-0.070054,-0.135189,-0.112818,-0.043654,0.030895,0.084906,0.085435,0.005823,-0.037811,0.035921,0.046434,0.032036,-0.014513,-0.028116,0.008541,0.075906,0.085103,0.032810,0.026503,0.017749,-0.114026,-0.356128,-0.344211,0.259731,-0.288026,-0.148805,0.404706,-0.086860,0.151473,-0.322175,-0.401582,-0.484801,-0.414299,-0.380443,-0.377401,-0.224029,-0.054216,0.414324,-0.276755,0.288328,0.215951,0.058949,-0.036769,0.054749,0.019418,0.013412,-0.031612,
-0.027348,-0.090236,0.488966,0.212014,-0.283268,0.103275,0.126191,0.247026,0.251587,0.100543,0.122536,0.079722,-0.000959,0.006962,0.018438,0.017423,0.069135,0.016425,0.093062,0.123922,0.100087,-0.000737,-0.082445,-0.108634,-0.134096,-0.214941,0.064687,0.126301,0.045801,-0.106860,0.559422,0.551197,0.570048,0.545174,-0.011102,0.011187,0.000084,-0.032773,0.001866,0.076011,0.071858,-0.073143,0.063196,-0.000898,-0.122515,0.537419,0.546141,-0.088957,0.019091,0.129203,0.109340,0.063540,0.011133,-0.032526,-0.032295,0.040174,0.082229,0.045363,-0.047930,-0.050087,0.043399,0.109776,0.070548,-0.050918,-0.106852,-0.002409,0.558704,-0.139762,0.201403,0.099119,0.076101,-0.250463,-0.236163,-0.389101,-0.029801,-0.213039,-0.159971,-0.285304,0.004222,-0.039324,-0.148460,-0.319277,-0.272737,-0.042192,0.004332,0.311472,-0.034608,-0.240688,0.479437,0.247385,0.041962,0.028620,0.025694,0.018654,-0.064973,
-0.245048,0.102158,-0.310392,0.193841,0.059977,0.002561,0.010522,0.046227,0.036708,0.008603,-0.009938,-0.011305,-0.011383,0.008857,0.033767,0.032989,0.013002,-0.031213,0.000909,0.017321,0.018964,0.003819,-0.008896,-0.011975,-0.006901,-0.008605,0.011873,0.019752,0.017561,-0.025151,-0.068611,-0.099441,-0.084840,-0.042581,-0.034406,0.000340,0.019754,-0.008365,-0.014970,0.025027,0.052359,0.006927,0.016149,-0.034704,-0.100580,-0.143278,-0.129751,-0.069007,0.028922,0.144030,0.111599,0.064563,0.024358,0.007012,0.022797,0.061717,0.069777,0.010809,-0.004640,0.006935,0.073017,0.119842,0.088996,0.026797,-0.026517,-0.025765,-0.095753,-0.038727,0.251668,0.253681,0.158506,-0.226118,-0.273640,-0.221821,-0.080105,-0.292218,0.141380,0.003409,0.324682,0.229773,0.031398,-0.397086,-0.427683,-0.181765,-0.200935,0.026088,-0.065336,-0.164383,0.350677,0.048712,0.021759,0.036081,0.029664,0.019901,-0.054893,
0.143601,-0.404374,0.134173,0.052649,0.009439,-0.007500,-0.003710,0.013005,0.010428,-0.003529,-0.012380,-0.013960,-0.008510,0.004096,0.019140,0.021843,0.007830,-0.013554,-0.002924,0.004824,0.009969,0.008699,0.005687,0.005383,0.002983,-0.006941,0.003647,0.016072,0.022629,0.003347,-0.030316,-0.066064,-0.071332,-0.060752,-0.042932,-0.006332,0.022694,0.006697,-0.008635,0.010909,0.035587,0.034434,0.000697,-0.032746,-0.061353,-0.071021,-0.054158,-0.016469,0.043380,0.142405,0.076709,0.037640,0.013525,0.009338,0.023914,0.043543,0.046239,0.026132,0.026073,0.046694,0.085364,0.092334,0.059560,0.019873,-0.006672,-0.002311,-0.002878,0.044610,0.160548,0.479129,0.438360,0.160038,0.222801,0.290640,-0.424236,0.180915,0.044547,-0.045485,0.324882,0.267787,0.307830,-0.200041,-0.199974,0.061532,-0.078464,0.017995,0.103791,0.423801,0.464999,0.655333,0.136788,-0.039731,0.017451,0.021736,0.009823,
0.008317,-0.365258,-0.513575,0.094984,-0.005432,-0.034392,-0.017432,0.025867,0.034492,0.023211,-0.023925,-0.033196,-0.015399,0.025124,0.064823,0.075569,0.030840,-0.049865,-0.002864,0.028272,0.049515,0.066088,0.072208,0.067779,0.037923,-0.015413,0.020867,0.080576,0.140650,0.116915,-0.022350,0.530626,0.418651,0.311911,0.497332,-0.017803,0.172524,0.129156,0.008643,0.080187,-0.544467,-0.560112,-0.000311,-0.120707,-0.217325,-0.219826,-0.110507,0.165761,-0.163446,0.165655,-0.307798,-0.546510,0.044185,0.036925,0.147232,-0.498297,-0.469191,-0.439377,-0.495009,-0.385553,-0.263245,-0.290619,-0.465805,0.073333,-0.006990,0.136853,0.224950,-0.317947,-0.023652,-0.199090,-0.303438,0.473867,0.236982,-0.160589,0.406983,0.325049,-0.345537,-0.127295,-0.334008,0.539552,-0.481406,-0.118270,-0.238937,-0.076295,-0.304143,-0.348692,0.390229,-0.374652,0.084227,-0.295381,0.007806,-0.059910,0.002104,0.013798,0.067206,
-0.587516,0.423919,-0.177371,-0.067324,0.006797,0.031646,0.019570,-0.014889,-0.027653,-0.023558,0.008629,0.013852,-0.000294,-0.027214,-0.048989,-0.053724,-0.028596,0.006669,-0.011496,-0.027582,-0.039849,-0.058884,-0.066106,-0.059230,-0.038079,-0.018310,-0.013093,-0.038281,-0.083271,-0.080064,-0.018414,0.065261,0.126063,0.197943,0.120740,0.004548,-0.099004,-0.071993,-0.009939,-0.028719,-0.068218,-0.030293,-0.005760,0.019228,0.033204,0.023162,-0.013849,-0.057757,-0.099126,-0.171852,-0.074049,-0.023057,0.003718,0.001601,-0.032340,-0.059496,-0.061649,-0.041578,-0.049817,-0.079370,-0.107178,-0.110895,-0.062511,-0.011460,0.001816,-0.049134,-0.045074,-0.094218,0.551068,-0.515615,0.110440,0.146417,-0.025734,0.257444,0.461288,0.566828,-0.122089,-0.024633,-0.217170,0.052477,0.237004,0.122727,-0.014463,0.113002,-0.234152,-0.317091,0.369187,-0.195383,-0.261870,-0.144924,-0.004851,-0.077879,-0.014459,0.001333,0.072736,
-0.100073,0.412284,-0.152965,-0.056060,-0.001848,0.018676,0.013835,-0.005904,-0.010698,0.003000,0.003031,0.002785,-0.006394,-0.016378,-0.024262,-0.025675,-0.020231,-0.019559,-0.011928,-0.011709,-0.017811,-0.034133,-0.040305,-0.040980,-0.029848,-0.021437,-0.001698,-0.011255,-0.051608,-0.057375,-0.012750,0.053218,0.093767,0.095607,0.082840,0.005603,-0.072915,-0.045787,0.001375,-0.011074,-0.046351,-0.000123,-0.010064,-0.003232,0.007089,0.007854,-0.013421,-0.043610,-0.066430,0.595667,-0.050767,-0.006129,0.021221,0.015210,-0.019979,-0.051916,-0.044749,0.002968,-0.015611,-0.027572,-0.048526,-0.065079,-0.035498,-0.002765,0.001372,-0.041390,0.006006,-0.022961,-0.126163,0.175152,0.006620,0.051928,0.020510,-0.480000,-0.311167,0.114988,-0.636223,-0.016566,-0.156326,0.473609,0.330892,0.297996,0.104732,0.204792,-0.318931,0.295268,-0.135183,0.186592,0.004348,0.480510,0.000275,-0.107860,-0.051988,-0.041460,0.007388,
0.148503,-0.256552,0.239302,-0.216792,-0.050993,0.014329,0.019474,-0.003195,-0.001796,0.032089,0.016425,0.006217,-0.011121,-0.024217,-0.033543,-0.036090,-0.030566,-0.016500,-0.011670,-0.006329,-0.015335,-0.043100,-0.056148,-0.062684,-0.040058,0.003980,0.022311,0.007419,-0.072026,-0.090293,0.000216,0.118866,0.157936,0.051469,0.131962,0.015587,-0.113242,-0.064886,0.014096,-0.004947,-0.069379,0.035708,-0.017936,-0.019484,0.007192,0.015560,-0.011761,-0.064858,-0.095163,0.608850,-0.067625,0.015606,0.082916,0.054781,-0.025867,-0.108638,-0.078919,-0.579411,0.022278,-0.001896,-0.088208,0.530864,-0.118353,0.004797,-0.013220,0.483361,0.114245,0.159768,0.786893,0.380969,0.179045,-0.289188,0.143179,0.095882,0.289316,0.269561,-0.048140,0.079577,0.332863,0.341017,0.373854,0.512367,0.353260,0.389611,-0.118756,-0.168614,-0.215206,-0.272059,0.436099,-0.277631,0.011261,0.566658,-0.114239,-0.107999,-0.134042,
-0.021270,-0.188203,0.214667,-0.201184,-0.483737,0.113556,0.023033,0.000013,-0.033834,0.534647,-0.088896,-0.037818,-0.002840,0.019571,0.031475,0.033191,0.028252,0.028202,0.009353,0.004782,0.013639,0.032209,0.039918,0.035224,0.007921,-0.058623,-0.026909,-0.005491,0.029013,0.029027,-0.012995,-0.068400,-0.100679,-0.059214,-0.092949,-0.023321,0.056222,0.037648,0.003140,0.008991,0.029116,-0.015453,0.009289,0.008262,-0.004791,-0.007711,0.009173,0.034601,0.035580,-0.026819,0.009483,-0.009571,-0.030470,-0.023800,0.004495,0.024520,-0.000311,-0.086021,-0.034192,-0.005770,0.020686,0.036131,0.022861,0.007086,0.013945,0.053055,0.051666,-0.084420,0.493372,0.481233,0.152884,-0.324774,0.301888,0.518921,0.172256,-0.040966,-0.360576,-0.049963,0.324943,0.249085,0.390123,-0.626074,-0.033741,0.397405,0.613820,-0.553710,-0.406324,-0.234905,0.358328,-0.050449,-0.204575,-0.183381,0.090359,-0.044333,-0.105163,
-0.049154,-0.164921,0.443137,0.166137,-0.187712,-0.392997,0.164960,0.051442,-0.033049,0.342559,-0.184830,-0.074108,-0.017957,0.011596,0.025057,0.026198,0.018123,0.006933,0.005429,0.008261,0.016949,0.028852,0.033551,0.027868,0.011251,0.002899,-0.011388,0.000473,0.019230,0.015902,-0.016365,-0.063128,-0.111555,0.553052,-0.096839,-0.027039,0.028974,0.032397,0.021854,0.034936,0.077264,0.184118,0.080176,0.036673,0.014574,0.010020,0.023885,0.047856,0.070872,0.123786,0.058270,0.013285,-0.014232,-0.013576,0.005023,0.010334,-0.027259,0.603577,-0.033029,-0.008547,0.008005,0.016294,0.013168,0.006806,0.003484,-0.005964,0.121466,-0.008454,-0.284191,0.425343,-0.519702,-0.107251,-0.062488,-0.388815,-0.189175,-0.145393,-0.325282,-0.041232,0.244063,0.184061,0.554687,-0.200281,-0.388821,-0.614972,0.662645,0.404825,0.621060,0.012730,0.113321,0.206846,-0.255903,-0.294927,-0.501545,0.080126,0.004679,
-0.015872,-0.047516,-0.112523,0.515802,0.345924,0.106467,-0.168444,0.282493,0.558292,-0.142980,0.177563,0.467868,-0.100462,-0.010597,0.021014,0.009190,-0.051123,0.540449,-0.044984,-0.003770,0.016213,0.028245,0.029161,0.016622,-0.003870,0.009303,-0.017510,-0.006031,0.006473,0.003627,-0.019209,-0.059328,-0.128504,0.454456,-0.150947,-0.047884,0.018521,0.041550,0.054690,0.098865,-0.534577,-0.336054,0.159112,0.068663,0.032617,0.022814,0.031688,0.057322,0.110649,-0.500169,0.088693,0.030149,0.005146,-0.002287,-0.003255,-0.014152,-0.062753,-0.262522,-0.108296,-0.031038,0.006568,0.023413,0.024284,0.015228,-0.011377,-0.119364,-0.224267,-0.400518,-0.588677,0.592593,-0.449474,-0.114458,-0.319982,0.417422,-0.110899,0.347356,0.230610,-0.012578,0.512211,0.498374,-0.500525,0.349107,0.246767,0.204055,0.399799,0.463490,0.543772,-0.043288,0.616873,0.044339,-0.442593,0.174882,-0.058631,-0.406476,0.146638,
0.006234,0.000639,-0.087646,0.502522,0.240623,-0.000358,-0.229722,0.307471,-0.160233,0.030902,0.351657,-0.198582,-0.085727,-0.034291,-0.018377,-0.034170,-0.107789,0.432608,-0.107814,-0.032928,-0.007175,0.000102,-0.007420,-0.037476,-0.108821,0.480198,-0.077058,-0.027694,-0.008841,-0.005679,-0.014108,-0.031624,-0.059259,-0.105775,-0.081894,-0.032730,0.008695,0.036313,0.068275,0.133797,-0.490812,-0.334786,-0.530954,0.103729,0.052050,0.034319,0.039945,0.068416,0.129782,-0.504391,0.100263,0.040530,0.012871,0.000258,-0.007902,-0.019646,-0.029720,0.064891,-0.045813,-0.030554,-0.005159,0.011481,0.020718,0.026188,0.022423,-0.033653,-0.172751,-0.230058,0.024960,-0.573761,0.389613,-0.389796,0.077888,-0.176883,-0.158736,0.250802,-0.457966,0.034364,-0.301043,0.610430,0.229108,-0.329556,-0.014983,0.042808,-0.023841,0.027291,0.259274,0.555116,0.479029,-0.068039,-0.528757,0.123744,0.437617,0.265124,-0.130817,
-0.000406,0.006154,0.007634,-0.011249,-0.010544,-0.024283,-0.156048,0.525876,-0.160213,-0.018475,0.452726,0.004444,-0.356189,-0.517247,0.161172,0.194846,0.346420,0.472897,0.135949,0.050960,0.031942,0.034837,0.063808,0.150564,-0.386058,-0.031602,-0.467916,0.103019,0.030598,0.007297,0.007968,0.018215,0.017652,-0.079473,0.011688,-0.000134,-0.028188,-0.062856,-0.122866,0.508331,0.336890,0.196781,0.499932,-0.119500,-0.060673,-0.039456,-0.041028,-0.065145,-0.124681,-0.232717,-0.107906,-0.050123,-0.022459,-0.007316,0.007040,0.034237,-0.597099,-0.497466,0.359631,-0.098435,-0.025453,0.013479,0.049260,0.109712,0.255884,0.667948,-0.257552,-0.020948,0.250679,0.407191,0.539687,-0.331814,-0.204209,0.573490,-0.050971,0.061612,-0.134811,0.394742,0.068074,0.120627,0.368563,0.157361,0.615696,-0.059591,-0.264980,-0.355071,0.261196,0.174661,0.282158,0.535225,0.550554,0.617822,-0.181659,-0.097652,-0.283521,
-0.007907,-0.050152,-0.177840,0.371651,0.104989,-0.231593,-0.387782,-0.517763,-0.025955,0.443376,-0.169072,-0.090035,-0.058452,-0.041133,-0.031933,-0.019621,-0.010459,-0.007301,-0.012802,-0.024945,-0.038691,-0.044416,-0.054453,-0.073397,-0.136142,0.467660,-0.155343,-0.067318,-0.027370,-0.011051,-0.004805,-0.003017,-0.010885,-0.073636,-0.007287,0.004141,0.011457,0.026394,0.061858,0.147482,-0.411559,0.028659,-0.314434,0.208895,0.093086,0.049894,0.046654,0.079818,0.175924,-0.351905,0.156919,0.059223,0.018583,-0.004235,-0.029748,-0.084192,-0.247360,-0.209931,-0.170598,0.187601,0.043222,-0.034746,-0.118178,0.500703,0.309836,0.093423,0.569368,-0.413756,0.203292,-0.430055,-0.082202,-0.001604,0.083732,0.494674,0.266471,0.577955,-0.566245,-0.205035,0.059459,0.178395,-0.359071,0.500559,-0.554468,0.082655,0.054970,0.069085,0.353501,-0.261133,0.145540,-0.100894,0.008368,0.313907,0.447565,0.428211,0.603619,
-0.001652,0.010521,0.041659,0.099619,0.161813,0.175486,0.156316,-0.492110,-0.340895,-0.166375,0.203386,0.138302,-0.560750,-0.571184,-0.558108,0.052142,-0.113623,-0.284233,-0.066515,0.034226,0.120128,-0.580337,-0.538246,-0.550085,-0.478044,-0.059765,-0.399375,0.130039,0.035823,-0.005175,-0.034565,-0.071862,-0.116225,-0.115857,-0.058390,-0.033215,-0.025193,-0.031405,-0.058401,-0.130796,0.428772,-0.085851,0.147931,0.417303,-0.166169,-0.093858,-0.081304,-0.122416,0.444443,0.383948,0.000709,-0.501196,0.081777,-0.003873,-0.106150,0.458164,0.112712,-0.058206,0.368706,-0.189575,-0.053829,0.055324,0.211064,-0.249884,0.267015,0.656498,-0.092446,0.503771,-0.421178,0.155315,0.192147,0.008967,-0.496077,0.548175,-0.091900,-0.300835,0.312142,-0.742027,0.253586,0.045197,-0.403702,0.242031,0.040078,0.388074,-0.136261,-0.211370,-0.039480,-0.171682,-0.053644,-0.286524,-0.158557,-0.387513,0.165132,0.372688,0.461301,
-0.009706,-0.015705,0.002111,-0.009376,-0.101673,0.452352,0.150590,-0.295150,0.359569,0.577286,-0.127156,0.145514,-0.196873,-0.126220,-0.233745,0.096079,-0.161895,0.480841,0.146794,0.036127,-0.074430,0.319716,0.324426,0.563408,-0.116850,-0.280400,0.475399,0.097277,-0.005099,-0.060650,-0.141965,0.473459,0.260475,-0.018294,0.450219,-0.129561,-0.066901,-0.059033,-0.096606,0.522202,0.222304,0.391709,0.261600,-0.130028,0.026050,-0.371061,-0.494820,-0.530304,-0.605635,0.409275,0.008407,0.022398,0.010520,-0.005790,-0.030202,-0.078076,-0.190284,0.244153,0.347681,-0.241378,-0.053555,0.140964,-0.352366,-0.014280,0.204813,0.195982,0.401400,0.242750,-0.505660,0.056738,0.070863,-0.235452,0.294708,-0.524432,0.516426,-0.606042,0.177317,-0.356632,0.360204,0.343123,-0.223221,-0.131524,-0.381837,0.263704,0.377654,0.197239,0.377634,0.232298,0.259072,0.001804,0.138133,-0.138690,0.226201,0.183236,0.596142,
-0.003428,-0.002795,0.000980,-0.003725,-0.041599,-0.152490,0.385118,0.127695,0.227659,0.596989,-0.390937,-0.162626,0.466678,0.355831,0.512248,0.350765,0.274139,0.005270,-0.219586,0.352149,0.258311,-0.226591,-0.242402,0.315261,0.056452,0.147502,0.290026,0.024013,-0.295516,0.498753,0.364065,0.089579,-0.213060,-0.427898,0.007258,0.400006,-0.174759,-0.116244,-0.143870,0.437310,0.577196,-0.483274,-0.460654,0.106059,0.049834,0.027312,0.019961,0.017447,-0.004239,-0.192970,-0.010536,0.032133,0.020173,-0.003177,-0.036599,-0.094894,-0.207812,0.365401,0.389640,-0.242338,-0.013775,-0.469501,-0.132717,0.148155,0.274752,0.299547,0.083969,0.327670,-0.362930,0.198116,0.377447,0.298839,-0.341870,0.470872,0.168034,-0.104988,0.450833,-0.342583,-0.497333,0.161802,-0.214764,0.385451,0.523631,0.211037,-0.523898,-0.207871,-0.368660,-0.526557,0.429025,0.082995,0.138048,-0.025737,-0.346356,0.082309,-0.105765,
-0.001284,0.001653,0.004049,0.003138,-0.011541,-0.062715,-0.186808,0.428860,0.463396,-0.156038,0.266258,0.140457,-0.244228,0.456571,0.102242,-0.061919,0.479267,0.290617,0.591451,0.061269,0.092931,0.221897,0.216640,-0.125578,-0.253177,0.543992,0.574386,-0.539470,-0.070329,0.132992,-0.022900,-0.292183,-0.481301,0.146285,-0.379878,0.011539,0.363176,0.518078,0.549132,0.494942,-0.014355,0.762063,-0.016773,0.021904,0.020356,0.016803,0.020362,0.040855,0.114388,0.437141,0.342120,0.182448,0.073757,0.012331,-0.038584,-0.105400,-0.208821,-0.344589,-0.343505,-0.205573,0.110382,-0.217123,0.148996,0.339712,0.426598,0.482589,-0.330601,0.200631,-0.077918,0.417736,-0.180156,0.553740,0.332298,0.476777,-0.009370,-0.365686,-0.010932,-0.208705,0.505357,-0.082381,0.445641,-0.249124,0.106547,-0.231954,-0.136288,-0.207623,-0.119629,0.260000,0.220510,0.355012,0.305709,0.385998,0.564209,0.106287,-0.065623,
-0.000476,0.003441,0.006481,0.008383,0.004950,-0.015547,-0.081099,-0.207252,-0.303334,-0.358526,-0.236913,-0.216591,-0.524227,0.410316,-0.127888,0.458723,-0.005989,0.167985,-0.296970,-0.085619,0.017369,0.069930,0.070882,-0.504754,0.382782,-0.047354,-0.006535,-0.579558,-0.323988,-0.150972,-0.276471,-0.469948,0.147070,0.072886,0.184236,-0.348023,0.011334,0.335748,0.526374,0.094395,0.020060,0.454482,-0.272879,0.068262,-0.034732,-0.062908,-0.109855,0.460033,-0.082075,0.101207,-0.142373,-0.061191,-0.517392,0.050856,-0.043020,-0.133055,-0.242701,-0.355898,-0.355831,-0.091651,0.026507,0.472410,-0.214849,-0.196938,-0.170262,-0.130261,0.189290,-0.120581,0.233158,-0.189003,-0.092855,-0.120803,-0.246693,0.509857,0.084155,0.510181,0.278526,-0.510162,0.540628,0.444659,-0.080853,-0.322152,0.218632,0.193992,0.160950,0.505013,0.484628,0.442324,-0.166118,-0.139504,-0.112566,0.553919,0.353648,0.378248,-0.446357,
-0.000102,0.004390,0.008432,0.012986,0.017148,0.015759,-0.013400,-0.125157,-0.283937,0.435495,-0.053127,0.421148,0.353104,0.393316,-0.056665,0.015279,0.064061,-0.428185,0.200298,-0.115419,-0.020665,-0.012389,-0.010893,-0.045411,0.117849,0.036336,0.110928,-0.476204,-0.233526,-0.106085,-0.268746,-0.488331,0.120021,0.049486,0.108615,-0.520649,-0.312570,0.027384,0.353272,-0.200702,-0.072067,-0.021503,-0.013770,-0.010664,-0.008810,-0.008074,-0.008481,-0.009936,-0.012438,0.510299,0.484891,0.417383,0.309784,0.365102,-0.131051,0.097590,0.013974,-0.322240,0.000508,-0.232198,0.387186,0.140723,-0.321104,0.103087,-0.025058,-0.048655,0.079456,-0.394198,0.390350,-0.128939,-0.055171,-0.003364,-0.547209,0.371839,0.196957,-0.373393,-0.078654,0.373939,0.130588,0.102596,0.308714,0.142084,-0.127511,0.219830,-0.032911,-0.031319,0.011284,-0.173991,-0.110571,-0.357526,-0.283226,0.316250,0.176048,0.009163,-0.639524,
0.000177,0.005299,0.010944,0.019408,0.032902,0.052848,0.065885,-0.014559,-0.315658,0.162511,-0.301393,-0.145698,-0.031369,0.337351,-0.128069,-0.509866,0.073240,0.047152,-0.383235,-0.117235,-0.050968,-0.092237,-0.095968,0.397725,-0.201250,0.143641,-0.461503,-0.210696,0.091202,0.192417,-0.007203,-0.350993,0.174684,0.060112,0.102558,0.169626,-0.470799,-0.293253,-0.145589,-0.238810,-0.393201,-0.506427,0.144858,-0.196772,-0.070501,-0.033800,-0.005898,0.093310,-0.260099,0.468948,0.113441,-0.458041,0.043186,0.016665,0.049235,0.091513,0.112183,0.050613,-0.125031,-0.199381,-0.204002,0.542750,0.373607,-0.201534,0.138637,0.003219,0.035595,-0.489003,0.327664,-0.176192,-0.107221,-0.211297,-0.293998,0.211260,0.030484,0.567488,-0.278259,0.005610,-0.130670,-0.058884,0.490127,-0.128287,0.181413,-0.100920,0.044276,-0.167478,-0.207244,-0.036839,-0.184898,0.069230,0.012101,0.365536,0.511976,-0.108678,0.017613,
0.000537,0.006814,0.015793,0.032048,0.062963,0.121327,0.216556,0.293132,0.079006,-0.485475,-0.050421,0.038242,0.083772,0.312726,-0.447656,-0.300657,-0.026263,-0.064059,-0.034661,-0.075949,-0.097274,0.500026,0.488659,-0.050313,0.251482,-0.415484,-0.140658,0.202163,0.427580,0.479407,0.356522,0.003853,-0.410002,0.114297,0.157941,0.202320,0.257527,0.295222,0.043741,-0.545112,-0.033616,-0.113500,-0.598169,0.031688,0.012109,0.008619,0.009280,0.002848,-0.055076,-0.462155,0.431135,-0.011848,-0.028977,-0.000549,0.035057,0.075066,0.109053,0.072092,-0.168786,-0.219760,-0.186140,-0.059178,0.010209,0.442227,-0.328937,0.057600,0.022557,0.300521,-0.074158,0.437375,-0.172357,0.525832,-0.372305,0.486041,0.143223,-0.010838,-0.154434,0.131042,0.108286,0.161339,-0.140201,0.471850,0.538446,0.383056,-0.010172,-0.433066,-0.406704,-0.196289,-0.268957,-0.158939,-0.325782,-0.024439,0.318490,0.041768,-0.183287,
0.001093,0.009926,0.026749,0.060017,0.127322,-0.490036,-0.268223,0.048764,0.294060,0.643123,-0.554269,0.177350,0.340908,0.090209,0.248519,-0.257754,-0.164436,-0.232050,-0.264091,0.641361,0.501496,0.156491,0.138131,-0.474140,0.528648,-0.022632,0.308266,0.515155,-0.117793,-0.098606,-0.157645,0.408370,-0.007812,0.264225,0.303381,0.320717,0.333367,0.304553,-0.263636,0.402782,0.276424,0.206465,-0.064567,-0.010795,0.004016,0.015786,0.037264,0.087859,0.237737,0.731419,-0.526723,-0.173792,-0.061388,-0.009203,0.029369,0.074644,-0.582667,-0.543059,-0.254808,-0.261923,-0.228242,-0.013827,-0.521918,-0.537279,0.395642,0.143442,0.028587,0.365840,0.531576,0.072522,0.404174,0.323609,0.195720,0.081905,-0.203697,-0.206974,0.054026,-0.379133,0.099050,0.083843,-0.419213,-0.150918,-0.140488,0.414163,0.021731,0.067009,0.109489,0.331086,-0.336218,-0.146015,-0.286435,-0.075235,0.336096,0.349331,-0.030391,
0.001741,0.016581,0.053118,0.123141,-0.487673,-0.241588,0.134539,0.465393,0.030704,-0.010756,-0.252828,0.008840,-0.006189,-0.385982,-0.369170,0.124097,0.022080,-0.060808,-0.089274,-0.733341,0.669893,0.316560,0.290731,0.051703,-0.071848,0.496583,0.602033,-0.049549,-0.028680,-0.029345,-0.050910,-0.109651,0.472446,-0.054069,-0.180716,-0.257342,-0.295518,-0.289468,0.330467,-0.121435,0.389557,0.073014,0.208377,0.046974,-0.011770,-0.056519,-0.128256,0.491174,0.271909,-0.041914,0.422470,-0.134539,-0.049639,-0.008529,0.023034,0.066932,-0.567217,-0.293172,-0.446385,-0.295520,-0.318635,-0.002779,-0.399395,-0.417965,-0.086542,0.261241,0.051817,0.385278,0.079189,-0.437983,0.034534,-0.161485,0.267327,-0.462577,-0.171645,-0.161517,0.417996,0.656102,0.081691,0.018963,0.257579,0.108240,-0.125267,0.029140,-0.566455,0.279617,0.221021,0.061826,-0.062469,-0.176575,-0.132186,-0.331408,0.184496,0.559186,0.513669,
0.001086,0.009702,0.026316,0.059186,0.126151,-0.487933,-0.234707,0.271220,-0.276408,-0.242321,-0.096577,0.500293,-0.210051,-0.373757,-0.421445,-0.552476,0.161765,-0.387133,0.473130,0.390778,-0.265692,-0.062920,-0.050169,-0.084637,-0.166835,-0.484450,-0.577390,0.053801,0.012237,-0.018589,-0.058206,-0.132137,0.446206,0.111269,-0.026586,-0.112306,-0.155153,-0.077669,0.205706,0.169466,0.098394,-0.093835,0.264486,0.070874,-0.037036,-0.148554,0.432308,0.152533,-0.181165,-0.424176,-0.007578,0.399604,-0.136154,-0.011333,0.097392,-0.471446,-0.108505,-0.338895,-0.519392,-0.374347,-0.392171,0.023622,0.431050,-0.244917,-0.004785,-0.243999,0.098308,0.236678,0.317921,-0.399196,0.347504,0.157628,0.276110,0.276462,-0.272706,0.033968,-0.003700,-0.398717,-0.035400,-0.003838,0.111232,-0.035350,-0.520753,-0.208552,0.141541,-0.050227,0.018948,0.549729,0.486938,0.320587,0.194020,-0.176602,-0.481857,0.606990,-0.350073,
0.000522,0.006550,0.015229,0.030831,0.061010,0.122484,-0.492376,-0.061006,0.298289,-0.082889,-0.016419,0.468633,-0.523772,-0.421313,-0.434767,-0.501257,-0.499173,-0.390269,-0.175949,-0.300015,0.186928,-0.231283,0.154884,-0.252972,0.552517,0.086273,-0.135275,-0.399502,0.143208,0.029207,-0.046688,0.585789,0.458317,0.237483,0.105406,0.021340,-0.016601,0.100846,0.271974,0.036495,-0.021825,-0.207181,0.257210,0.034510,-0.148289,0.393750,0.085603,-0.247487,-0.467128,0.149710,-0.383498,0.017063,0.433636,0.002556,-0.404799,0.119798,-0.116599,0.179883,-0.091444,0.132199,0.110568,-0.023160,-0.069363,-0.209695,0.029261,0.025603,-0.551760,0.180398,0.145962,-0.373976,0.535521,0.397029,0.287457,0.393074,0.392931,-0.589612,-0.362430,-0.111542,0.354801,-0.328443,0.287009,0.001453,0.254801,-0.308305,0.428464,-0.215822,-0.235527,0.020712,-0.011483,0.259897,0.229625,0.454392,-0.112504,0.068828,-0.112139,
0.000143,0.004934,0.009982,0.017046,0.028291,0.048412,0.090321,0.267357,-0.112886,-0.012757,0.032614,0.227420,0.227911,-0.489560,-0.340395,-0.329244,-0.467096,0.376753,-0.247911,0.270848,-0.072746,-0.597773,-0.515663,-0.033342,-0.557235,-0.339459,0.390506,0.085138,-0.366693,0.123441,-0.005501,-0.094081,0.521101,0.386840,0.285693,0.212980,0.172241,0.281213,0.055452,0.363757,0.174019,-0.145566,0.207888,-0.177290,0.291136,-0.002748,-0.279960,-0.476636,0.144864,0.071565,0.179139,-0.350806,0.111902,0.116564,0.226003,-0.035248,0.219269,0.369117,-0.467269,0.185286,-0.100257,-0.035993,0.052866,-0.228029,0.223051,0.042869,-0.433806,-0.562293,0.073688,-0.220986,-0.078304,-0.111260,-0.083038,0.076494,-0.529282,-0.556993,-0.236240,-0.154020,0.391129,0.411916,-0.155090,-0.169443,-0.333570,0.301115,0.210036,0.063019,0.195385,0.207155,0.394039,0.216553,0.288473,0.055738,-0.487853,0.306915,0.566839,
-0.000171,0.003760,0.006360,0.007451,0.005106,-0.005187,-0.036977,-0.210160,0.149091,0.044834,0.101246,-0.529487,-0.227099,-0.052262,-0.577969,-0.154809,-0.470003,-0.041784,0.428075,-0.071022,0.255528,0.004808,-0.268169,-0.060097,-0.150044,-0.232070,-0.285714,-0.541695,-0.192339,0.145429,0.036475,0.008733,0.001515,0.650818,0.629569,-0.580323,-0.383805,0.146402,-0.027688,0.007507,0.023552,0.170665,0.127154,0.525770,-0.456352,-0.397700,-0.455830,-0.550846,0.098194,0.043015,0.096759,0.207561,-0.271360,-0.119585,-0.066129,0.119441,0.191992,0.213296,-0.585160,-0.065542,-0.209346,-0.037778,0.121910,0.026896,-0.310781,0.382709,-0.401215,0.130816,0.021483,0.522107,0.003956,0.083631,-0.353439,-0.037804,-0.337539,0.122411,-0.473882,-0.058567,0.481759,-0.248225,0.123472,0.310478,0.051279,0.431051,0.067908,-0.203847,-0.133196,-0.210624,-0.268777,0.281288,0.298445,0.170660,0.060793,-0.018822,-0.528527,
-0.000568,0.002245,0.001632,-0.005088,-0.025182,-0.075277,-0.201829,0.044099,-0.273782,0.139314,-0.486487,-0.324966,-0.505467,0.027762,0.005625,-0.000265,0.056769,0.171815,0.498747,0.520273,0.125654,-0.205495,-0.255386,-0.624145,-0.011239,-0.216834,-0.102391,0.073497,-0.190369,-0.054596,0.024617,0.107158,-0.499569,-0.329449,-0.152519,-0.606391,0.055429,0.007743,0.211233,0.247782,0.300330,0.445863,0.049397,-0.262983,0.337526,-0.576106,-0.460459,-0.512123,0.122779,0.045583,0.077559,0.121571,0.222543,-0.108587,0.090162,0.133269,0.151517,0.149808,0.203002,0.080466,-0.194265,-0.041972,0.189560,-0.075050,0.106440,0.481793,-0.336951,0.046805,-0.052031,0.174317,0.046695,-0.025842,-0.240902,-0.099034,0.529114,-0.039672,0.002544,0.084450,0.015432,0.102851,0.080332,0.471701,-0.132669,-0.528852,-0.275533,-0.011730,0.104104,-0.017457,0.456615,0.298532,0.357390,0.259991,0.189090,0.062926,0.438811,
-0.001225,-0.000623,-0.007807,-0.029940,-0.084140,-0.207272,0.282751,-0.335901,0.190591,-0.409346,-0.089701,-0.244370,-0.779816,0.109657,0.135595,-0.049848,-0.182893,-0.155731,0.477687,-0.493947,-0.685829,0.327692,0.194889,0.484632,0.096680,0.555337,0.040659,-0.480671,0.332046,-0.130668,0.014613,-0.584739,-0.421895,-0.131226,0.133399,-0.238092,0.468467,0.172719,0.278515,0.260004,0.267393,0.377934,-0.022449,-0.412714,0.114612,-0.619996,-0.345533,-0.327292,-0.502086,0.084935,0.105279,0.092770,-0.020501,0.283030,0.145227,0.116179,0.124323,0.169524,0.284236,-0.136849,-0.220433,-0.125502,0.104621,0.189737,-0.603173,0.437663,-0.618149,0.482058,0.519732,0.556777,0.178574,0.102486,-0.615948,0.105422,0.253544,0.560572,0.477399,-0.474207,0.129087,0.134496,0.558574,0.352334,-0.247196,-0.259546,-0.109464,0.068506,0.113381,0.251720,0.343113,0.437917,0.419291,0.530790,-0.093475,0.014852,-0.224807,
-0.002319,-0.006778,-0.029684,-0.085898,-0.210627,0.301892,-0.106672,0.217726,-0.228493,0.006031,-0.161174,0.575201,-0.379093,0.208633,0.340978,0.076775,-0.465874,0.107419,-0.235600,0.419708,-0.075315,0.335687,-0.079627,0.184731,-0.346747,0.492250,-0.555776,0.025385,0.465680,-0.091600,0.020623,0.132720,-0.410206,0.009220,-0.454817,0.062058,-0.027233,0.311623,0.339280,0.246422,0.183371,0.246203,-0.075573,0.293647,0.048849,0.603936,-0.203459,0.016910,-0.185343,0.206154,0.188807,0.045447,0.216027,-0.137884,-0.522173,0.064727,-0.008312,-0.035318,0.429491,-0.453394,0.167336,0.399138,-0.143293,0.287903,0.161991,0.582792,-0.727750,0.391087,0.136651,0.007367,-0.276922,0.011176,-0.014218,0.503332,-0.045537,-0.115097,0.409782,0.086682,-0.414584,-0.394777,0.161106,0.103004,0.318494,0.103970,-0.043781,-0.364358,-0.423984,-0.259744,-0.135285,0.181395,0.072557,0.291298,0.569327,0.197506,0.064340,
-0.003637,-0.020570,-0.083817,-0.212784,0.300784,-0.081597,-0.423136,0.108698,-0.067585,0.460691,0.294367,0.110735,-0.329480,0.348855,0.545240,0.542036,0.182774,-0.636093,0.122281,-0.196740,0.375012,0.022803,-0.466263,0.472687,0.225058,-0.355265,-0.006274,0.382721,-0.156979,-0.048100,0.021316,0.106756,-0.446837,-0.580173,-0.228748,0.429473,0.242621,0.448796,0.427758,0.260643,0.082257,0.053259,-0.099687,0.235356,0.068364,0.602269,-0.143331,0.330193,0.339176,0.586933,0.322025,-0.339454,-0.525336,0.279542,-0.248157,-0.588105,0.573919,0.384811,-0.297050,-0.298071,0.322813,0.301383,0.033580,-0.222240,0.523046,-0.166749,-0.432704,-0.204571,0.273030,-0.540360,0.150232,0.128662,-0.133880,0.344105,-0.481574,0.089942,-0.525659,0.564749,0.250553,0.181291,-0.395176,0.076718,-0.286443,-0.033885,0.042041,0.311126,0.298592,0.138453,0.067699,-0.207846,-0.137897,-0.355602,0.175607,0.562949,0.605886,
-0.002373,-0.007057,-0.030813,-0.088659,-0.216366,0.293901,-0.104505,-0.486003,-0.067380,0.320011,0.221819,0.539674,0.044321,-0.297038,0.299484,-0.268643,0.121396,-0.373038,0.041684,-0.188433,0.393925,0.130677,-0.243489,-0.343367,-0.347933,0.155106,-0.472837,-0.221702,0.191034,-0.178283,0.185572,-0.077136,-0.286020,0.019396,-0.404178,0.128975,0.459193,-0.170468,0.541922,0.372717,0.009875,-0.343328,0.449260,-0.051931,0.528181,-0.024089,-0.576086,-0.257220,-0.035263,0.377265,-0.623345,-0.534045,-0.036677,0.523760,0.255416,-0.187707,-0.547338,-0.034966,-0.168400,0.041753,0.238332,-0.268179,-0.457881,0.205414,0.560214,-0.013841,0.089424,-0.100542,0.137244,-0.102047,-0.007213,-0.367569,0.186997,0.454934,0.014517,0.011796,-0.351671,0.356785,-0.388815,-0.414473,0.153288,0.014039,0.306479,-0.130670,-0.016329,-0.226250,-0.436223,-0.572588,0.517120,0.312845,0.394098,0.183082,-0.161499,0.545276,-0.314039,
-0.001340,-0.000877,-0.008995,-0.033277,-0.092268,0.520742,0.269859,-0.200383,-0.029755,0.100179,0.522056,-0.078282,-0.004838,0.125550,-0.191725,-0.244151,0.071932,-0.052062,0.474167,0.492347,0.401085,-0.492998,-0.179668,-0.602271,0.034041,-0.048347,-0.267685,0.075762,-0.378282,0.083038,-0.143547,0.342063,-0.015375,-0.341941,0.082320,0.429681,-0.147764,-0.081604,-0.087107,-0.184056,0.293795,-0.271262,-0.281863,0.327168,-0.092709,-0.035026,0.021864,0.084770,-0.192666,0.416862,0.581777,-0.062537,-0.060546,-0.101628,-0.212323,0.320800,-0.063056,-0.418263,-0.245016,-0.172540,-0.163787,-0.430793,0.249937,-0.275379,-0.392519,0.095354,0.099166,-0.436025,-0.045677,0.308103,-0.371146,0.080474,-0.313612,0.677781,-0.094245,-0.610828,-0.148208,-0.289215,0.368509,-0.164339,0.380549,-0.319923,0.001517,-0.339807,0.305986,-0.147674,-0.131360,0.284974,0.199207,0.409493,0.291574,0.481905,-0.110828,0.052195,0.000780,
-0.000789,0.001769,-0.000197,-0.010302,-0.038663,-0.107607,0.484160,0.136697,0.065898,-0.121850,-0.114305,-0.052233,-0.024427,0.003313,0.122290,-0.025970,0.033541,0.240485,-0.073083,0.253084,0.343656,-0.286029,0.090584,-0.185984,-0.227522,-0.330249,-0.151807,-0.491777,0.093803,0.010706,-0.058087,-0.161046,0.402856,0.078199,0.410402,-0.158528,-0.070838,-0.034736,-0.026658,-0.045334,-0.122990,-0.429441,0.210190,0.450083,-0.067429,-0.051531,-0.033256,-0.169068,0.493405,0.074768,0.518847,-0.087694,-0.049038,-0.049890,-0.088606,-0.188328,0.365925,0.008412,0.247150,0.112317,0.001099,-0.387867,0.493385,0.101025,0.091371,0.283674,0.142285,0.230999,0.527733,0.516448,-0.530983,0.066154,-0.340381,0.340694,0.324266,-0.069800,0.345206,-0.348835,0.151617,0.113882,-0.501017,0.569358,-0.108117,0.521968,0.425134,0.156089,0.092032,0.207747,0.207932,-0.391020,-0.436156,-0.182465,0.382373,-0.258331,0.018553,
-0.000607,0.002609,0.002567,-0.003104,-0.022434,-0.074197,-0.201765,0.247369,0.147670,-0.139621,-0.109724,-0.064389,-0.051796,-0.074971,-0.151173,0.032650,0.005695,0.044465,0.169290,-0.376482,-0.138295,0.207260,-0.150898,-0.204381,-0.299810,-0.345803,-0.128631,-0.487393,0.084665,-0.007720,-0.090566,0.523962,0.302573,-0.067016,0.307326,0.529462,-0.092941,-0.035611,-0.005668,0.019089,0.063420,0.209020,-0.032070,0.513166,-0.065945,-0.077696,-0.074368,0.415117,0.060393,-0.300553,0.266876,0.538963,-0.088754,-0.066131,-0.106185,0.516890,0.272439,-0.131978,0.196619,-0.380237,-0.284968,0.174944,-0.440968,0.230724,-0.091049,0.264982,0.139841,0.189631,0.499217,-0.119130,0.113297,0.023158,-0.158558,0.289480,0.241713,-0.054370,-0.560735,0.216493,0.410257,0.365330,-0.104359,-0.104288,-0.314173,-0.057610,0.429152,0.258579,0.332722,0.238459,0.274803,0.093224,0.173034,-0.079873,-0.502153,0.365993,0.276797,
-0.000741,0.002194,0.001507,-0.006117,-0.032187,-0.105258,0.463804,0.060575,0.111706,0.117536,0.554721,-0.121661,-0.112652,0.547697,0.385188,0.070121,-0.029914,-0.110033,0.493405,0.216700,-0.306876,0.575659,-0.065336,0.079979,-0.349973,0.137767,-0.435699,0.109446,0.018151,-0.034894,-0.087582,-0.175684,0.400388,0.074587,0.402068,-0.164804,-0.069308,-0.020510,0.016038,0.072341,0.214582,-0.101560,0.228686,0.538317,-0.082341,-0.132681,-0.138003,0.137398,-0.073337,-0.313978,0.284798,0.551062,-0.073750,-0.041593,-0.064182,-0.159004,0.391520,0.025669,0.432414,0.283758,0.604658,-0.424315,-0.049290,0.067849,0.161169,-0.305580,0.163680,0.152286,-0.505844,-0.055970,0.100990,0.068725,-0.191327,0.200776,-0.103306,0.013586,-0.033430,0.424538,0.231896,0.084340,-0.405375,0.203649,-0.115234,-0.014743,-0.015521,0.099103,0.020480,-0.161592,-0.247862,-0.378821,-0.360476,-0.477590,0.112637,0.579675,0.567401,
-0.001294,0.000217,-0.003941,-0.020770,-0.074093,-0.222444,0.198287,-0.303146,0.052329,0.424513,0.393006,0.490510,0.498838,0.379223,0.235456,-0.456915,-0.117312,0.391178,0.063214,-0.332561,0.131044,-0.063917,0.501959,0.240961,-0.228358,-0.023545,0.068429,-0.544361,0.547970,0.484761,0.422878,0.318842,0.031908,-0.347625,-0.019417,0.331615,0.550971,-0.037015,0.107726,-0.406427,0.069161,0.514622,0.514439,-0.175703,-0.128261,0.494007,0.480900,-0.256867,-0.079893,-0.470308,-0.076782,0.383541,-0.119670,-0.010702,-0.052598,0.361700,-0.247549,0.167142,-0.279653,0.075738,0.321188,-0.443380,-0.172555,-0.121681,-0.105393,-0.368469,0.110993,-0.012716,0.476277,0.044546,0.058196,0.033424,0.033258,0.143544,-0.403071,-0.524365,-0.418817,0.384195,-0.322596,-0.157142,0.367591,-0.250510,0.130517,0.060717,0.074490,-0.296686,-0.192556,0.044035,0.083211,0.256157,0.180290,0.352651,0.539172,0.088205,0.007601,
-0.002623,-0.004843,-0.017366,-0.055697,-0.176926,0.277004,-0.259839,0.178601,0.022667,-0.138231,0.074602,0.236761,0.257613,0.142795,0.150084,0.528126,0.298297,-0.002306,-0.300593,0.189028,0.023430,-0.054726,-0.109406,-0.181021,0.471928,0.409042,-0.151605,-0.602585,-0.229231,0.163064,-0.000738,-0.397673,-0.492641,0.004000,0.446902,-0.061073,-0.471208,0.035869,0.543491,0.199777,-0.324732,0.093426,-0.037538,-0.215933,-0.258446,0.198049,0.170945,-0.554596,0.219306,-0.370972,-0.081065,-0.340064,0.287431,-0.235149,-0.450959,0.055702,-0.315513,0.106245,-0.286893,0.521055,-0.329907,-0.374138,-0.497022,-0.323192,-0.215405,-0.300814,0.057975,0.258683,-0.000391,-0.376364,-0.617224,0.059107,0.059567,0.071405,-0.216037,-0.099666,0.518646,-0.546092,0.041102,0.054276,0.205810,-0.149634,-0.042820,-0.011853,0.563680,0.032464,0.153686,-0.444485,-0.472813,-0.259329,-0.303677,-0.036658,0.345134,-0.540541,-0.472273,
-0.005598,-0.017324,-0.047799,-0.129652,0.357216,-0.171483,-0.609250,0.043552,0.015920,-0.032449,-0.290953,-0.159077,-0.113114,-0.038414,0.125778,-0.512761,0.021372,-0.196596,-0.471561,0.064420,-0.037462,-0.063744,-0.077834,-0.106360,-0.182417,-0.309747,-0.063023,0.101233,-0.311126,-0.258845,-0.510682,-0.230865,0.437530,0.073680,0.309911,0.123424,0.045303,0.002555,-0.038726,-0.112207,0.444964,0.585975,0.183954,-0.373247,0.110136,-0.345353,-0.393240,0.020816,-0.212671,0.150934,-0.357293,0.673764,0.078939,0.237482,-0.451654,-0.139514,0.016517,0.247225,-0.466369,-0.596125,0.516931,-0.091931,0.198893,-0.405992,-0.158551,0.221997,0.012108,-0.550961,0.081765,0.144222,-0.485496,0.199934,-0.384658,0.661123,-0.123003,0.087877,-0.455678,0.194570,-0.021128,-0.026937,-0.437216,0.260468,-0.073752,0.222961,0.575420,-0.013633,0.036967,-0.144771,-0.140844,-0.319954,-0.244367,-0.426406,0.142044,-0.005985,0.634258,
-0.002537,-0.004412,-0.015176,-0.045153,-0.147297,0.332222,-0.093089,0.148071,0.298457,0.682658,0.077393,-0.150631,0.461997,0.446474,0.334380,0.051291,-0.264805,-0.040201,0.228709,0.207728,-0.347797,0.177895,0.350828,0.381268,0.167429,-0.324064,0.402071,0.115333,-0.177064,-0.114382,-0.008338,-0.012064,0.464360,0.037569,-0.395437,0.170455,0.067884,0.006974,-0.051891,0.577245,0.390698,-0.072075,0.208985,-0.429656,-0.015476,-0.357386,-0.515995,-0.093877,0.385886,0.186398,0.124069,-0.334765,-0.391950,-0.023929,0.148222,-0.072199,0.463254,0.135801,0.028906,-0.174729,0.170480,0.022751,0.136532,-0.549508,-0.543739,-0.107310,0.000522,0.284065,-0.321106,0.432951,0.019260,0.056936,-0.567218,0.073897,-0.182361,0.191147,0.230723,-0.229764,0.513442,0.522850,0.170125,-0.304386,0.170198,-0.373925,0.219365,0.363385,0.446453,0.353054,0.243640,0.181473,0.222660,-0.057698,-0.472251,-0.461786,-0.257483,
-0.001109,0.001126,0.000590,0.004076,0.090577,-0.365976,-0.251214,-0.206993,0.481031,0.286226,0.160411,-0.002972,0.322714,-0.174592,0.127216,-0.343573,-0.500030,-0.116571,0.046557,0.190358,-0.232538,-0.133178,0.161616,0.430798,-0.556387,-0.121942,0.625962,0.499589,0.108815,-0.089010,-0.151188,-0.310745,-0.593990,0.146579,-0.328948,0.212447,0.088230,0.010100,-0.064427,0.552897,0.362521,-0.031446,0.195198,-0.483170,-0.136284,-0.465993,0.628123,0.322173,0.011496,-0.138838,-0.555967,-0.526827,-0.408932,-0.136095,-0.300610,-0.266425,0.047404,0.723504,0.524237,0.360867,-0.231862,0.025716,0.080991,0.099884,0.076692,0.380104,-0.002977,-0.424102,0.214136,-0.117711,-0.035840,-0.082841,-0.415257,0.383554,0.258932,-0.141749,-0.207738,-0.476631,-0.269976,-0.267279,0.253811,-0.262160,0.210319,-0.022201,0.020194,-0.164633,-0.433501,-0.495508,0.087496,-0.066068,-0.107812,-0.023984,0.295403,-0.400948,-0.530763,
-0.000444,0.003531,0.007327,0.020533,0.096954,-0.203141,0.348905,-0.237697,0.504905,0.096769,0.338231,0.314995,0.538666,-0.149469,0.005101,-0.509661,0.101655,0.064436,0.311588,-0.410034,-0.194297,-0.317849,-0.053916,-0.133056,0.645089,0.370429,0.381553,-0.181899,-0.251950,-0.505200,0.167024,0.065707,-0.191601,0.381109,-0.248780,0.247492,0.103110,0.009557,-0.078872,0.530032,0.338289,-0.027643,0.164797,-0.557564,-0.322053,0.597332,0.204727,-0.186042,-0.406527,0.260361,0.527769,-0.509102,-0.112542,0.016063,-0.189283,0.076253,0.258492,0.372828,-0.614216,-0.130409,-0.093515,-0.096587,0.047958,0.058373,0.037061,0.219920,-0.008250,0.099727,0.502981,-0.072288,-0.050366,-0.136767,-0.147817,-0.113971,0.190165,-0.066664,-0.029614,0.592660,-0.253967,-0.118641,0.368701,-0.291574,0.032389,-0.134490,0.285648,0.019863,-0.161577,0.111653,0.227220,0.365251,0.292375,0.425898,-0.109556,-0.016277,0.049708,
-0.000132,0.004601,0.010245,0.026821,0.095020,-0.398848,0.061959,0.367169,-0.341503,0.119614,0.383788,0.544873,-0.055258,-0.116997,-0.208335,0.471156,-0.032498,0.055983,-0.344067,-0.408149,-0.158616,-0.036816,0.246478,-0.110465,0.358339,0.027366,-0.286884,-0.166706,-0.088556,-0.057053,-0.054102,-0.080377,-0.185061,-0.543873,0.560543,0.253203,0.100571,-0.007239,-0.114571,0.481006,0.271098,-0.095090,0.091217,0.032979,0.595777,0.042120,-0.375101,0.161148,0.052651,0.008778,-0.002100,0.071067,0.029477,0.048591,0.056240,0.033634,0.040188,0.026776,-0.103340,-0.084343,-0.051624,-0.209898,0.039293,0.050640,0.029119,0.195765,-0.016750,0.006323,-0.102579,-0.046560,-0.034717,-0.053921,-0.403489,0.385457,-0.450001,0.041817,0.008089,0.558182,0.569951,0.512609,0.169016,-0.388772,0.202238,0.270175,-0.251452,0.302859,0.526415,0.477606,0.513644,0.495659,0.523486,0.385419,-0.218200,0.416798,-0.109411,
0.000022,0.005122,0.011816,0.031971,0.113320,-0.362040,0.100647,0.373693,0.261636,0.570174,-0.341021,-0.619820,-0.399611,0.155225,-0.129277,0.424709,-0.255916,0.617984,-0.371373,-0.333585,-0.012910,0.083220,0.142055,-0.066621,0.151336,-0.368593,0.390739,-0.077922,0.129562,0.446407,0.531880,-0.192331,0.569282,0.532935,0.447887,-0.027165,0.011112,-0.166368,0.343545,0.070221,-0.245910,0.190081,-0.249204,-0.287367,-0.094670,-0.574441,0.615032,0.529481,0.491799,0.487396,0.072730,0.502464,0.094275,0.064244,0.221820,-0.072371,-0.178917,0.400867,-0.277737,-0.085110,-0.043110,-0.170007,0.058578,0.078578,0.043588,0.299282,-0.033504,-0.070733,0.007528,-0.044801,-0.041417,-0.081735,-0.057581,0.143816,-0.005682,0.000038,-0.061701,0.570655,0.479071,0.300808,-0.252684,0.080151,-0.369836,-0.308941,-0.267373,0.279662,0.400497,0.059570,0.008387,-0.213012,-0.176940,-0.379365,0.116648,-0.035348,0.616584,
0.000111,0.005398,0.012589,0.035137,0.134955,-0.443251,-0.155216,0.324426,0.554266,-0.649181,0.716893,0.330437,0.416649,-0.150119,-0.240572,-0.107039,-0.250136,0.301351,-0.003900,-0.026062,0.338548,0.390810,0.309634,0.338706,-0.068436,0.295616,0.144233,-0.069922,-0.231695,0.041077,0.119233,0.220552,0.237786,0.112324,-0.241358,0.186739,0.082961,0.126412,0.235154,-0.384377,-0.233030,-0.096575,-0.046538,0.465922,0.503935,0.285678,0.195866,0.136741,0.089875,0.042541,-0.255443,0.507991,0.407949,0.178892,0.341449,0.299838,0.013345,0.667023,-0.113554,0.036012,-0.033455,-0.042381,0.127303,0.172342,0.091253,-0.212129,-0.068370,0.525803,0.307093,-0.072246,-0.065486,-0.128468,0.240792,0.490492,0.269152,-0.093926,-0.208838,0.582415,-0.251326,-0.113684,0.379581,-0.307654,0.129393,-0.088075,-0.226159,0.100241,-0.146580,0.192497,0.147305,0.327968,0.288006,0.440790,-0.074509,0.057072,0.068345,
0.000194,0.005592,0.012361,0.027839,0.065116,0.150406,-0.510173,-0.147829,-0.041995,0.249987,0.439317,0.402497,0.371862,-0.035891,-0.436704,-0.518276,0.048109,-0.106040,-0.311613,-0.106240,-0.263391,0.385319,0.336644,0.440940,-0.277816,0.001811,0.541404,-0.545413,-0.520102,0.183206,0.033700,-0.005020,-0.146053,0.152397,-0.485236,0.030221,0.014026,0.054962,0.121550,0.213101,0.332581,-0.306784,-0.179275,-0.039472,-0.361441,0.319472,0.369615,0.345016,0.302356,0.254784,0.401932,0.348031,0.418208,0.151365,0.147235,0.300079,0.616317,0.413963,-0.402887,-0.269036,0.628416,0.080432,-0.452304,-0.351998,0.221157,0.812441,0.562063,0.173125,-0.680162,-0.212594,-0.121141,-0.013959,0.469899,0.421468,-0.136251,-0.313539,-0.027077,-0.309178,0.241383,0.313718,0.004414,0.090078,0.333758,0.173433,0.132352,-0.296145,-0.417310,-0.122427,-0.122213,0.089115,-0.004048,0.199817,-0.107828,0.266183,-0.244368,
0.000348,0.006117,0.013385,0.026505,0.043535,0.072484,0.076353,0.161581,0.110145,0.227769,0.443009,0.494785,-0.281780,0.216776,0.232034,-0.242784,0.328281,0.353435,0.054371,0.033984,-0.236570,0.333481,-0.044193,0.424855,-0.431888,0.243272,-0.415173,0.039291,0.398041,0.358566,-0.123291,0.456595,0.044019,-0.422641,0.606915,-0.072965,-0.025103,0.028934,0.092674,0.179873,0.304711,-0.315234,-0.170392,0.016671,0.454535,-0.619167,-0.420290,-0.408893,-0.446755,-0.491179,0.414599,0.207261,0.257111,-0.003216,0.014751,-0.251030,0.614288,0.289447,0.323896,-0.215527,0.212718,0.220322,-0.114021,0.141171,0.629626,0.137366,0.400643,-0.398336,-0.506240,0.731371,0.372353,0.584498,-0.538066,0.182393,0.443075,0.033876,0.036129,-0.115545,-0.086347,0.561885,0.375272,-0.479001,0.144852,0.175672,-0.479201,0.507159,-0.146079,0.501161,-0.190018,0.431577,0.521011,0.440734,-0.380683,-0.161099,0.224942,
0.000671,0.007531,0.017799,0.036953,0.050543,0.040214,-0.030029,0.501945,0.219716,0.047120,-0.304629,0.220732,-0.530137,-0.256359,0.284095,-0.077265,0.124811,0.447374,-0.161299,0.397774,0.103286,0.029502,0.177682,0.046698,-0.258463,-0.014051,-0.242923,-0.538620,0.558165,0.404468,0.073048,0.557494,0.705574,0.330232,0.494358,-0.115374,-0.041196,0.015842,0.076057,0.162300,0.300931,-0.277157,-0.126306,0.041052,0.356249,-0.471891,-0.250160,-0.237223,-0.299398,-0.404721,-0.017814,0.086090,0.120282,-0.078533,0.015017,0.564239,0.039804,-0.311096,0.143780,0.385281,0.635736,-0.418896,-0.473867,-0.216692,0.210895,-0.137566,-0.407199,0.063927,-0.115326,0.195039,-0.120193,-0.046426,-0.105273,0.308971,0.663922,-0.610026,-0.369484,-0.117247,0.092602,-0.042523,-0.381520,0.289742,-0.002990,0.144474,0.330506,0.044207,0.100888,-0.154442,-0.196726,-0.370135,-0.290928,-0.453856,0.067069,0.612115,0.468402,
0.001261,0.010809,0.029203,0.073247,0.105803,0.027700,-0.242677,0.088305,-0.191258,0.031821,-0.361816,0.155154,0.131141,0.217892,0.368212,0.465234,-0.288706,0.422685,0.256068,0.374347,0.326645,0.131696,0.342553,0.456032,0.514448,0.199138,0.104160,-0.183429,-0.513590,0.599940,0.388207,0.221720,0.005963,0.152037,0.462130,-0.120435,-0.042762,0.008515,0.060806,0.142062,0.294488,-0.203890,-0.051703,0.091648,0.315646,0.638147,-0.531846,-0.514187,-0.548185,0.127622,-0.420266,-0.220372,-0.096554,-0.142319,0.007541,-0.246066,-0.440045,0.178160,-0.211436,0.362794,-0.009051,0.102076,0.105847,-0.488224,-0.588711,-0.095843,0.122644,0.453478,-0.043620,0.014466,-0.024432,-0.009998,-0.056240,0.064202,0.653182,0.067112,0.129204,-0.070462,0.360296,0.279600,-0.051535,0.025890,-0.316262,-0.308774,0.542868,-0.106053,-0.108046,0.520121,0.453788,0.271109,0.220753,0.032763,-0.358956,-0.588125,0.445390,
0.002044,0.017974,0.053085,0.083494,0.079315,0.020746,-0.223315,0.004285,0.399292,-0.561186,-0.022603,-0.498885,0.178517,0.113016,0.473475,-0.388026,0.038001,-0.443752,-0.190177,-0.003457,0.216935,0.000490,0.097296,0.476542,-0.527872,-0.236330,0.467721,0.324812,0.076054,-0.005376,-0.078997,0.490258,-0.127940,-0.010089,0.477080,-0.104395,-0.037025,0.003108,0.043654,0.112416,0.265668,-0.083721,0.067188,0.188774,0.341885,0.569477,0.042631,0.081365,0.068765,0.044392,0.123239,0.242220,-0.401513,0.475011,0.018857,0.167551,0.114934,0.060271,-0.516647,-0.101300,-0.000583,0.037835,0.038800,0.109400,-0.003766,-0.053362,0.062426,-0.158959,-0.034216,-0.057578,0.029101,0.039906,-0.526898,0.591563,0.106865,-0.047178,-0.102306,-0.092091,0.341194,-0.336100,0.022388,-0.052554,0.338843,0.044948,0.225424,-0.475011,0.367711,-0.094317,-0.069468,0.243976,0.214007,0.359908,-0.155006,-0.011893,0.096837,
0.001752,0.013296,0.035070,0.058752,0.061179,0.008325,-0.237009,-0.150383,-0.210932,0.504194,-0.025298,-0.226483,0.473012,0.153955,0.483123,-0.157811,-0.370430,0.486730,0.599980,-0.007265,0.038595,0.038403,0.016264,0.009914,0.020155,0.002119,0.002164,-0.023338,-0.072203,0.039793,0.320583,-0.340096,-0.322177,-0.351942,0.209225,0.519213,-0.073569,0.008572,0.092148,0.241995,-0.211308,0.328650,0.320569,0.353404,0.424264,0.552990,-0.043530,-0.002637,0.002597,-0.000148,0.004450,0.008467,0.010997,0.002563,0.032778,0.018759,0.010556,0.002132,0.003427,0.015866,0.008689,0.017997,0.010536,0.025925,-0.217369,-0.026267,0.042325,-0.152871,-0.047585,-0.127288,0.069608,0.078262,-0.442097,0.541482,-0.436902,0.004919,0.010027,0.038143,0.410642,0.360204,0.072674,-0.118051,-0.372942,0.074656,0.059422,0.154292,0.340987,0.139810,0.303156,0.068790,0.127756,-0.035792,-0.498760,-0.116677,0.514773,
0.001617,0.015983,0.048076,0.078431,0.064678,-0.023033,-0.459677,0.596368,0.167538,0.569265,-0.302493,-0.449790,-0.340087,-0.209026,0.123014,0.270557,0.264617,0.254398,0.197315,0.131761,-0.165244,-0.010958,-0.057028,-0.511097,-0.125729,-0.486123,-0.425020,-0.332735,-0.285214,-0.363249,-0.370659,-0.353852,-0.366473,-0.366715,0.230029,0.526878,-0.072143,0.007385,0.089522,-0.515025,-0.214156,0.349418,0.419300,0.462743,0.503375,0.559125,-0.114364,-0.083521,-0.063153,-0.044661,-0.114282,0.515885,0.394945,0.219643,-0.520746,-0.114532,-0.083925,-0.050237,0.528996,0.133895,0.025698,0.012751,-0.009831,-0.050556,-0.259969,-0.004506,0.047721,0.485206,-0.085058,0.495263,0.112550,0.109684,-0.380109,0.144977,0.210781,0.191643,0.141307,-0.288530,0.565357,-0.209671,0.301405,0.405610,0.086606,0.455745,0.424866,-0.191685,-0.120289,-0.341501,-0.299902,-0.463492,0.287832,0.225401,0.070003,-0.001918,-0.583112,
0.000210,0.006016,0.015206,0.046603,0.068546,-0.106991,-0.318762,-0.114967,-0.040896,0.620490,-0.440554,0.333051,-0.364923,0.394879,-0.057165,0.029030,0.324456,0.363951,0.159250,-0.168116,-0.259004,-0.110948,-0.386190,0.222536,0.178662,-0.081899,0.051192,-0.431568,-0.340268,-0.180384,-0.358165,-0.338862,-0.400714,0.220552,-0.212706,0.240551,0.550279,0.035880,-0.477770,-0.110827,0.345451,-0.122218,-0.129110,-0.126370,-0.128893,-0.160492,-0.207473,-0.209013,-0.175799,-0.127683,0.430844,0.214806,0.067852,0.043410,0.464862,0.295061,0.482859,-0.142920,0.224789,-0.398681,0.066883,0.013087,-0.046323,-0.201680,-0.111883,0.030049,0.082623,0.199993,0.555301,0.249233,0.180165,0.109941,-0.556512,0.083478,-0.176943,0.108669,0.080090,0.028206,0.347209,-0.425099,-0.087042,-0.135607,0.279927,0.221982,0.139355,-0.361556,-0.528842,0.051762,-0.073621,0.534060,-0.241874,-0.192643,-0.251011,-0.239926,-0.031928,
-0.001378,-0.003004,-0.016840,-0.046366,-0.123555,0.454622,-0.030860,0.379843,0.269279,-0.133849,-0.185324,0.477263,-0.605952,0.527390,0.447278,-0.179724,0.344504,0.288052,-0.087763,0.164867,0.208805,0.107414,-0.344086,-0.342414,-0.561845,0.221372,-0.215453,0.281215,0.517468,-0.290006,0.353991,-0.253512,-0.214189,-0.478610,-0.417922,-0.372836,-0.219751,0.033404,-0.088069,-0.020971,-0.005538,-0.003511,-0.002342,-0.007224,-0.037757,-0.162348,0.402787,0.325862,0.356828,0.435533,0.031807,-0.113214,-0.160928,-0.019625,0.464318,0.181328,0.078907,0.404706,-0.207089,0.082543,0.183928,0.016149,-0.150279,0.206761,0.267413,-0.504202,-0.548952,0.385087,0.334941,-0.311882,-0.392058,0.166634,-0.115097,-0.124936,-0.181807,0.583233,-0.038219,0.762338,-0.077434,0.080332,0.391140,0.271657,-0.187443,-0.362137,0.327373,0.090417,0.044865,0.361862,0.272364,0.442219,0.415032,0.464109,-0.112932,0.003128,-0.148152,
-0.002831,-0.017543,-0.073606,-0.179526,0.389008,0.184329,0.424739,-0.038196,0.027249,-0.213597,-0.228357,0.063904,0.479168,-0.373825,-0.108656,-0.054720,-0.405816,0.298069,0.437854,0.461611,0.232549,0.212068,0.138149,-0.116464,0.232581,0.031531,0.081955,-0.127256,0.353345,-0.348205,0.147600,-0.209211,0.170466,-0.597597,0.509681,-0.349603,0.098472,-0.086816,0.440796,0.068754,-0.377808,0.113139,0.121085,0.108122,0.051804,-0.186743,0.073626,-0.179299,-0.195118,-0.160615,-0.408630,-0.263578,-0.296328,-0.083339,0.525422,-0.374042,0.218075,-0.014255,-0.513224,0.541045,0.573975,0.022099,-0.515901,-0.339535,0.326963,0.522291,-0.215991,-0.114794,0.407958,-0.104054,-0.001243,-0.202013,-0.114835,-0.403442,-0.141193,-0.025896,0.006592,0.479500,0.267309,0.317909,-0.157512,0.095944,0.396433,0.165947,0.184453,-0.298234,0.302069,-0.132610,-0.191102,0.038764,-0.021434,0.091174,0.409629,0.169112,0.204089,
-0.001329,-0.002813,-0.016587,-0.045000,-0.084399,-0.113023,-0.047813,-0.423547,-0.042427,0.076185,-0.399472,0.231194,-0.385742,0.138903,0.397638,-0.205098,-0.363992,0.349349,0.471829,0.481971,0.359356,0.324130,0.386977,-0.002571,0.252571,0.094794,-0.092945,0.439928,0.084429,-0.083145,-0.165767,-0.529495,-0.615826,-0.234512,0.017175,0.018600,-0.004654,-0.040704,-0.109000,0.487401,0.163643,0.352751,0.285171,0.231002,0.141376,-0.243218,-0.529285,0.376754,0.363067,0.390189,-0.414845,-0.313740,-0.430562,-0.214345,-0.153227,-0.408216,0.457012,-0.603950,-0.248333,0.507874,-0.167109,0.029115,-0.442982,0.089302,0.339808,-0.624944,-0.302051,0.233629,-0.235171,-0.301606,-0.026702,0.321391,0.162716,-0.322470,0.604516,0.416158,0.182034,-0.572914,0.429552,0.207428,-0.270927,0.253882,-0.141301,0.075067,0.127540,0.272385,0.297274,0.054943,-0.046745,-0.227441,-0.240664,-0.360425,-0.518236,-0.100555,0.609510,
0.000347,0.006909,0.017196,0.038292,0.091539,-0.514663,-0.226994,0.148520,0.326208,-0.384896,0.109274,-0.183488,-0.329236,-0.000717,0.208831,0.417636,-0.427984,-0.448176,-0.496076,-0.595993,0.586833,0.592213,-0.164016,-0.148628,-0.027019,-0.056266,0.408335,-0.237400,-0.051231,-0.076616,-0.073274,-0.493661,0.180273,0.060381,-0.233231,-0.072661,-0.039606,-0.059443,-0.129143,0.455987,0.105981,0.350168,0.336457,0.285975,0.185151,-0.410396,-0.032693,-0.149982,-0.154597,-0.132554,-0.474586,-0.495916,-0.417930,-0.191018,-0.366474,-0.379144,-0.177811,-0.012223,0.244571,-0.152493,-0.372367,0.031628,-0.226436,0.540132,0.033955,-0.485974,0.312435,-0.354300,0.497706,0.052340,0.313911,-0.133718,-0.024103,-0.488069,-0.659187,0.067647,-0.532507,-0.314082,0.233159,0.356332,0.025312,-0.009936,0.336278,0.273716,-0.480414,-0.267237,-0.425690,-0.404356,-0.423906,-0.460552,-0.399412,-0.184668,0.131845,0.178125,-0.305993,
0.001883,0.017839,0.057465,0.135432,-0.458471,-0.174068,0.196102,0.407382,0.398296,0.141726,0.158340,-0.185006,0.371655,-0.501594,-0.175626,0.154062,-0.407400,0.146200,0.073105,-0.060993,-0.220976,-0.171307,0.294011,0.526129,0.528183,0.457990,-0.252245,-0.450987,-0.227314,-0.042939,-0.539034,-0.347067,0.357675,0.155567,0.512316,-0.088359,-0.043794,-0.047034,-0.085978,0.556551,0.369890,-0.180022,0.407249,0.270826,0.118969,-0.794559,0.370349,0.295875,0.269536,0.246288,0.570043,-0.489593,-0.134229,-0.028641,-0.247211,-0.026095,0.091072,0.049227,0.217526,0.569418,0.139234,0.066198,-0.028619,-0.012880,0.037322,0.050603,-0.228837,0.529570,0.091561,-0.597153,-0.243033,-0.534719,0.030118,-0.372130,0.298705,0.387121,0.063186,0.221453,-0.124611,-0.103795,0.305149,-0.335257,-0.023683,-0.142154,0.374107,-0.079384,-0.132847,0.210158,0.256136,0.350485,0.240070,0.432841,-0.168563,0.050758,0.190236,
0.002078,0.015019,0.044319,0.105978,-0.512842,-0.286507,0.058194,0.293939,0.243859,-0.187205,-0.267211,-0.136053,0.282791,0.173741,0.119765,-0.745583,0.467542,-0.250533,-0.263076,-0.302834,0.427904,-0.299671,0.544110,0.538792,0.513355,0.526437,-0.337633,0.377124,0.450793,-0.058948,0.009018,0.328245,0.024646,-0.427013,-0.254001,-0.094335,-0.063667,0.370378,0.126907,0.033072,0.001456,-0.012332,-0.035302,-0.096374,0.476473,0.369335,0.192675,0.064376,0.021194,0.003803,0.021455,-0.011510,-0.002001,0.000838,0.002070,-0.000852,-0.001387,-0.002175,0.007692,0.062649,0.164475,0.187451,0.117134,0.055772,0.024559,0.001728,0.174462,0.409820,-0.323616,0.404462,-0.464426,0.039414,-0.004256,-0.559825,0.390874,0.112942,-0.522543,-0.063346,0.057820,0.093708,-0.529694,0.614445,0.017322,-0.085332,0.383757,-0.472733,0.138712,-0.508875,-0.497484,-0.409137,-0.504147,-0.307758,0.093364,-0.452710,0.290912,
0.002391,0.019163,0.061351,0.145135,-0.442199,-0.153306,0.207536,0.423446,0.430914,-0.026723,-0.070554,-0.246372,-0.360332,-0.269561,-0.073818,-0.120785,-0.054249,-0.537081,0.129321,0.139100,-0.509779,-0.392131,-0.491111,0.616015,0.426265,0.268756,-0.407268,0.134291,0.008119,-0.039454,0.551670,0.383250,-0.244517,-0.149363,-0.629674,-0.003153,0.003899,0.026240,0.073707,0.166020,-0.410736,0.057522,0.236841,0.261773,0.079059,0.009922,-0.495760,0.581335,0.506713,0.492280,0.053000,0.492064,0.085917,0.063983,0.241513,-0.031525,-0.079732,-0.168530,0.444048,0.252844,-0.452090,-0.351947,-0.434829,0.153667,0.041201,-0.011081,0.228675,0.380628,-0.366097,0.063810,-0.018270,0.495299,0.009936,-0.138028,-0.164987,0.586855,0.032169,0.376648,0.369403,0.260738,-0.193618,0.018138,-0.344212,-0.188822,0.202913,-0.096645,0.118577,0.050927,0.084287,-0.002686,0.112569,-0.059432,-0.334171,-0.240665,0.083104,
0.001671,0.011222,0.030232,0.071527,0.161804,-0.413357,-0.118258,0.209513,0.393545,-0.274637,0.713898,0.377379,-0.038050,-0.311238,-0.040166,-0.071634,0.261452,-0.401372,-0.354168,-0.230338,0.012612,0.221642,0.182476,-0.201617,0.645985,0.404869,0.433944,0.047965,-0.225069,-0.075915,0.164851,0.536312,0.379800,0.208058,0.269377,0.562403,-0.048710,0.011747,0.107012,-0.488752,-0.163358,0.350190,0.282523,0.142638,-0.128729,0.223143,-0.566207,0.425712,0.152933,0.051766,-0.277986,0.498272,0.404478,0.182117,0.361828,0.355252,0.133183,-0.489302,0.545429,-0.024341,-0.393085,-0.075210,-0.079737,-0.376294,0.119540,-0.000504,0.190438,0.384683,-0.241987,-0.161229,0.494661,0.393050,-0.462046,0.639261,0.027295,0.219380,0.203198,0.563193,0.081867,0.044037,-0.359310,0.290612,0.012754,-0.008369,0.283623,0.011077,0.177267,-0.043284,-0.230952,-0.304965,-0.267780,-0.372681,0.185379,-0.117996,0.551268,
0.001569,0.007979,0.016326,0.040981,0.107136,-0.491299,-0.262937,0.051563,-0.476170,0.418652,-0.377584,0.147972,-0.028763,-0.064314,0.298527,0.087558,-0.307518,-0.042073,0.008571,0.202843,0.416494,-0.214576,-0.197721,0.455998,0.169982,0.438730,-0.071755,0.024521,0.209956,-0.108896,0.484624,-0.025855,-0.613843,0.222159,0.212741,0.516828,-0.078398,-0.035429,0.082280,0.212304,-0.233934,0.317711,0.236702,-0.022863,-0.318661,0.204824,0.094246,-0.083322,0.229800,0.201885,0.352156,0.322871,0.410029,0.154397,0.172847,0.383042,0.747967,0.140569,-0.097045,0.164428,-0.382053,0.167217,0.327454,0.111598,-0.424106,0.039457,0.516001,0.067618,-0.354844,-0.062679,0.386729,-0.201376,0.058715,-0.073368,-0.239810,-0.147048,-0.094413,0.521760,0.368554,-0.295076,0.172627,-0.246187,0.144529,0.106041,0.636477,0.422010,-0.295420,0.009905,-0.025307,0.096638,0.037392,0.245517,-0.206577,0.223438,0.184581,
0.003221,0.007189,0.003469,0.027983,0.119782,-0.378282,0.070326,0.327298,0.245963,0.344991,0.341056,0.389946,0.186469,0.546219,-0.083085,0.021867,-0.231194,0.231485,0.322681,0.483110,-0.145073,-0.081451,-0.066186,-0.097804,0.536882,0.381600,0.080185,-0.555522,-0.148657,0.018485,0.123633,0.064204,-0.290059,-0.325149,0.036232,0.160726,0.118319,-0.013898,-0.334724,-0.224395,0.296884,0.543086,0.128327,-0.262873,-0.474440,0.101286,0.164981,0.374447,0.323773,-0.034850,0.297400,0.143391,0.220492,-0.005791,0.021983,-0.413860,0.367150,-0.010121,0.045504,0.126678,-0.333909,0.352157,-0.179570,0.561110,0.196205,-0.029573,-0.023631,0.163496,0.268167,-0.097704,-0.184066,0.508121,0.332188,0.523179,-0.124768,0.063641,0.030420,0.006865,0.125579,0.152757,-0.442196,0.435146,-0.168000,0.443682,0.493676,0.149948,0.056535,0.190160,-0.483771,-0.404576,-0.530948,-0.441010,0.218056,0.179633,0.410077,
0.001559,0.008421,0.012977,0.017355,0.018037,0.026101,-0.389561,0.263958,0.452487,-0.112205,0.030432,0.246204,0.115398,0.539011,0.051610,0.024438,0.351258,0.062182,0.451140,-0.140328,-0.067620,-0.034376,-0.022392,-0.027252,-0.069223,-0.308392,0.191625,-0.483015,-0.111504,0.021910,0.148964,0.329268,-0.288382,0.188820,-0.290738,-0.055330,0.145378,0.136455,0.547751,0.617322,0.195110,-0.114107,0.426104,-0.439726,0.198136,-0.037724,0.126572,0.285403,-0.115560,0.522883,-0.393036,-0.130248,0.001186,-0.104551,0.087575,0.174699,-0.313199,-0.537257,0.422489,0.086370,0.135327,-0.254019,0.349129,0.030456,0.200275,-0.503161,-0.182423,-0.176891,-0.332303,-0.197890,-0.167805,-0.003896,-0.178191,-0.636190,-0.100422,-0.548119,0.207206,0.464287,0.099720,-0.055817,-0.378623,0.338315,0.009970,0.130144,0.212719,0.054512,0.162148,-0.237459,-0.233254,-0.355687,-0.268943,-0.382027,0.107041,0.559242,0.475902,
0.001618,0.013881,0.025661,0.009422,-0.084436,0.410041,0.670294,-0.725665,0.355861,0.228879,0.586691,0.132793,0.093392,0.604520,0.373407,0.083339,0.443661,-0.339943,0.281400,0.539034,-0.086997,-0.038455,-0.014715,0.006840,0.063116,0.339721,-0.063680,-0.277292,0.590475,-0.046947,0.089546,-0.343020,-0.260035,-0.030616,-0.379514,0.244921,-0.028995,0.378784,0.094552,0.444665,-0.556838,0.050632,-0.300588,-0.495809,0.207769,0.212806,0.363575,-0.125084,0.366148,-0.057833,0.082690,-0.463354,-0.296087,-0.220024,0.537510,0.111411,0.015323,-0.060073,-0.496097,0.121367,0.102030,0.164477,0.541617,-0.148688,0.121844,0.393542,-0.127996,-0.258671,-0.446036,-0.396519,0.486249,0.279853,0.204908,0.354459,0.396104,-0.053812,-0.037585,-0.140311,0.505005,0.412100,0.130859,0.011884,-0.340554,-0.095741,-0.041110,-0.041566,-0.022001,0.464442,0.406711,0.153973,0.065924,-0.110398,-0.372224,-0.450141,-0.637782,
0.001284,0.010326,0.018732,0.004709,-0.078430,0.486292,0.364786,0.577157,-0.564136,0.575810,-0.574734,-0.495151,-0.499986,-0.480494,-0.010074,-0.086216,0.005900,-0.027364,0.566420,0.294012,-0.143291,-0.469655,0.064832,0.534172,-0.078745,0.103604,0.093520,0.286189,0.308771,0.528218,-0.180291,0.095467,-0.035521,-0.010922,0.439139,0.551912,-0.153540,-0.113420,0.480711,0.211452,0.338157,-0.113088,0.032692,-0.297503,-0.166048,-0.074036,-0.147323,0.070515,0.514631,0.003426,0.067955,0.147540,0.236512,-0.405834,0.289145,0.401881,0.372197,0.279180,-0.002244,-0.483484,0.176467,0.054014,0.521199,-0.349787,-0.008931,-0.054238,-0.270763,0.448201,0.507715,0.460814,-0.478499,-0.321872,-0.105716,0.281713,0.212154,0.115287,0.104331,-0.448952,0.393196,0.016256,-0.370535,0.182792,0.469254,0.244294,-0.321381,0.237875,0.281176,-0.056485,-0.159000,0.019645,-0.037543,0.004416,0.216549,0.352345,0.238735,
0.001332,0.014689,0.030487,-0.000448,-0.184207,0.272976,0.287242,0.592669,-0.013078,-0.266195,-0.173000,-0.120884,-0.048399,0.201278,-0.199378,0.574994,0.387928,0.096186,-0.444430,0.133849,0.055808,0.022081,0.007120,0.000533,-0.001585,-0.525758,-0.525545,-0.522430,-0.587544,0.546318,0.383309,-0.479322,0.098180,0.094674,0.536258,-0.161284,0.562256,0.120312,-0.342104,0.219157,0.020888,0.154251,0.367804,-0.235567,0.586649,-0.614062,-0.267671,0.010037,-0.310322,0.167059,0.167408,0.124442,0.039142,-0.020002,-0.353913,0.051726,0.088822,0.100577,0.129887,-0.180656,0.487307,-0.009514,0.502924,-0.165788,-0.556634,-0.415235,-0.169180,0.052456,0.367627,0.312287,0.150481,-0.209929,0.433108,0.625460,0.121490,0.409519,0.456125,-0.503222,-0.108452,-0.122970,0.184311,-0.287836,0.007139,-0.290992,0.206442,-0.079128,-0.193605,0.176639,0.184343,0.330312,0.301192,0.372106,0.548108,-0.016733,0.109474,
0.000168,0.011881,0.034334,-0.006074,-0.259968,0.286086,0.374743,0.617562,-0.158841,0.162376,0.201932,0.269290,-0.284747,0.139574,-0.398802,-0.443044,0.113584,0.603015,0.335148,-0.083960,-0.422872,0.153251,0.086087,0.151837,-0.212980,0.479277,0.150008,-0.376624,0.144322,-0.595639,-0.294689,0.631961,0.388410,0.462023,0.560185,-0.383868,-0.489411,0.622775,0.110175,0.085626,0.033307,-0.174174,0.579695,-0.096851,-0.392648,-0.172984,-0.037089,0.230345,0.137289,0.454397,0.311788,0.000209,0.389655,0.174584,0.242255,-0.043499,0.243338,0.219972,0.005256,-0.362769,0.477598,0.095445,0.193157,-0.457077,0.331317,0.565944,-0.378885,0.465080,0.536432,0.476065,0.124271,-0.299536,0.023808,0.424523,-0.203691,-0.275087,-0.399650,-0.185088,0.557143,0.498528,0.226057,-0.179350,-0.385145,-0.208948,0.170720,0.311532,0.427870,0.305239,0.378369,0.309933,0.426261,0.411852,-0.068701,0.354011,0.008560,
-0.003403,-0.003413,-0.004361,-0.016972,-0.057368,-0.066204,-0.020069,0.046428,-0.534350,-0.219758,0.459128,-0.274031,0.050253,-0.275979,-0.033454,0.011886,-0.085698,-0.096180,0.405944,-0.155730,-0.069161,-0.028370,-0.009628,-0.009506,-0.066017,-0.468174,0.513588,0.051896,0.031479,0.112805,-0.387628,-0.452369,0.243762,0.463468,0.362073,-0.010157,-0.536951,0.382358,0.278648,0.493413,-0.395981,0.482932,-0.029035,0.291208,-0.076777,-0.108522,-0.057177,0.216432,0.228773,0.752964,0.120783,-0.003856,-0.195737,-0.182684,0.016579,0.510995,0.052153,0.149616,-0.067360,0.513208,0.341146,0.231395,0.136709,0.197807,-0.009606,0.413823,-0.508532,0.093266,-0.291845,-0.259670,0.106117,0.440887,0.573461,-0.549094,-0.000589,-0.185482,0.501599,-0.137460,0.072770,0.008998,-0.335889,0.294371,-0.125364,-0.001403,0.137890,0.230166,0.240276,-0.064700,-0.066742,-0.192223,-0.131665,-0.272813,0.161867,-0.108568,0.556534,
-0.010474,-0.025793,-0.046577,-0.044783,0.084617,-0.470588,0.248407,0.136391,0.090039,-0.108151,0.465727,-0.250910,0.171852,-0.118665,0.116327,0.254515,0.120077,-0.186318,0.370350,-0.156316,-0.060183,-0.014944,0.018712,0.071002,0.213561,0.706963,-0.549966,-0.164213,-0.036442,0.049485,0.185368,-0.283916,0.199619,0.529589,-0.311906,0.534494,0.622010,-0.378204,-0.492870,0.196307,0.222293,0.681133,0.456470,0.107966,-0.151118,-0.293026,-0.384985,-0.327727,0.210204,0.457233,-0.001590,0.202883,-0.399695,-0.303302,-0.040211,0.296648,-0.547569,-0.287724,0.338226,-0.291041,0.578895,-0.189006,-0.550470,0.185178,-0.123088,-0.574366,0.632779,0.156732,-0.001236,0.115834,0.306158,0.325996,0.408732,-0.421341,0.281438,-0.523831,-0.436536,0.604261,0.439117,-0.119313,0.280387,0.361623,-0.046405,-0.307125,-0.354328,-0.085642,-0.220145,0.091329,0.125948,0.302657,0.237729,0.356729,-0.122625,0.085038,0.117887,
-0.027345,-0.080360,-0.134522,0.598044,-0.457453,-0.054003,-0.025077,0.406598,-0.263752,-0.615914,0.237968,0.340357,0.153577,-0.029918,0.142724,0.434280,0.459404,-0.069670,0.163349,0.247132,0.061448,-0.018686,-0.100081,0.509026,0.271661,-0.069029,0.415250,-0.130596,-0.040783,0.010305,0.071144,0.187001,-0.383976,-0.195267,-0.306737,-0.458111,-0.320314,0.585495,0.262250,-0.287602,-0.279723,-0.624623,0.561389,-0.012260,0.001752,0.139284,-0.243380,-0.516385,-0.566704,-0.160459,-0.002951,0.132691,0.383493,-0.354298,0.011012,0.236275,0.395087,-0.527618,-0.328038,0.125577,-0.099233,0.359664,-0.305031,0.295981,-0.367123,0.276579,0.458103,-0.100291,0.022421,-0.448266,-0.554595,-0.359054,-0.258632,0.175372,0.326824,-0.132211,-0.203766,0.174577,0.315354,-0.427358,-0.137667,0.011733,0.357483,0.033851,-0.021665,-0.286463,-0.386529,-0.173156,-0.286200,-0.012641,-0.126095,0.015010,0.479280,-0.445966,-0.237622,
-0.011084,-0.025816,-0.034428,-0.023775,-0.017080,0.062837,0.155668,-0.335392,-0.559250,0.082683,0.254345,0.399057,0.213626,0.129377,0.224785,0.297191,-0.129002,0.221905,0.209861,-0.099274,-0.058750,-0.121173,0.468146,0.140843,-0.282872,-0.531431,-0.256115,0.197792,-0.216665,-0.002204,0.185996,-0.365610,-0.148456,0.016921,0.217664,0.039316,0.260942,-0.039019,-0.286101,0.018902,-0.034353,-0.223007,-0.632960,0.028361,-0.071755,0.092433,-0.260058,-0.482278,0.147736,-0.001731,0.140175,-0.322579,0.192801,0.196062,0.476364,0.481710,0.522360,-0.342121,-0.092830,0.015487,0.416141,0.109266,-0.327890,0.026485,0.048762,0.582151,-0.336742,-0.458329,0.625813,-0.206638,-0.359474,0.217716,-0.103269,0.244475,0.484680,-0.073900,-0.157670,-0.177591,0.035359,0.606053,0.463417,0.275965,0.039116,-0.450206,-0.348552,-0.152350,0.582866,0.521023,0.543085,0.420356,0.483489,0.394218,-0.199308,0.070187,-0.253583,
-0.004594,-0.007994,-0.015569,-0.046295,-0.095276,-0.144575,0.063754,-0.557378,-0.198384,0.525522,-0.272089,-0.202191,0.482225,0.242745,0.413167,-0.421375,0.141557,0.348576,0.368943,-0.571564,0.106186,0.286524,-0.040080,0.194902,-0.106619,-0.186885,0.086301,-0.398787,0.133426,0.032749,-0.049034,-0.205128,0.115429,0.616848,0.573305,0.473599,-0.205132,0.027070,-0.535191,-0.399413,-0.432121,0.286223,-0.135387,0.246472,-0.229397,0.006517,-0.281010,-0.454953,-0.535917,0.188939,-0.328562,0.135875,0.493142,0.495897,-0.111826,-0.089877,0.071900,-0.326333,0.294770,-0.558651,0.229260,-0.304208,-0.293162,-0.273707,-0.193470,-0.197584,-0.257076,0.458034,0.373979,-0.304043,-0.028308,0.417475,-0.202985,0.451603,0.271646,-0.056400,-0.143108,0.341653,0.099479,0.013657,-0.263342,0.371925,-0.037972,0.227159,0.455882,0.184808,0.167275,-0.151536,-0.162427,-0.340308,-0.292519,-0.421790,0.118102,-0.072703,0.561222,
-0.002037,-0.001512,-0.005745,-0.025419,-0.082004,-0.311300,-0.385494,0.510489,0.548395,0.413153,-0.182309,-0.123857,-0.170651,-0.433970,-0.379725,-0.233079,0.275732,-0.064505,-0.076257,-0.108516,-0.211489,0.246152,-0.011697,-0.049791,-0.050391,-0.083575,-0.544148,0.066476,0.029316,0.016298,0.012705,0.014501,0.022737,0.042587,-0.566575,0.012252,-0.036651,0.025515,0.061949,0.116926,0.104509,-0.154281,-0.249501,-0.149881,-0.104350,-0.211003,-0.341258,-0.428522,-0.437359,-0.310611,0.064680,0.429941,-0.126868,-0.127982,-0.061260,-0.019342,-0.481736,-0.063012,-0.125847,-0.070146,-0.360888,0.211409,-0.274039,-0.119466,0.045948,-0.260999,-0.696971,0.440847,-0.213607,0.347022,0.240401,0.663449,0.567957,0.767045,-0.444375,0.030234,-0.003530,-0.556626,0.456012,0.471444,0.339319,-0.179948,0.220644,0.099053,0.113086,-0.458372,-0.482134,-0.436012,0.109697,0.002217,-0.104909,0.504146,0.148306,0.051429,0.272835,
-0.001078,0.000903,-0.002082,-0.022432,-0.096280,0.378352,-0.594039,0.379746,-0.185167,-0.232901,-0.091006,0.001807,0.034862,0.061575,-0.164879,-0.298834,0.012826,0.225547,0.135517,-0.305876,-0.209644,-0.563988,-0.015537,0.610384,0.609636,0.622809,0.006621,0.014756,0.022004,0.032817,0.055871,0.113523,0.274628,-0.058365,-0.401459,-0.513685,0.085522,0.278270,-0.039800,-0.042949,-0.037541,0.060866,0.209414,-0.094991,0.581309,-0.537536,-0.481423,-0.446292,-0.345198,-0.091181,0.275948,0.518870,-0.098564,-0.116456,-0.071992,-0.066311,-0.613462,-0.469981,-0.331578,0.004974,-0.371764,0.146572,0.468936,-0.147113,-0.170492,-0.509070,-0.546579,-0.563146,0.115148,0.142791,0.493591,-0.426403,-0.343056,0.613317,0.527785,-0.582818,0.212520,-0.101169,0.540665,-0.134726,0.137318,-0.289947,0.149762,-0.261164,-0.075509,0.264360,0.409406,0.075391,0.099809,0.278691,0.179063,0.305604,-0.120299,0.211567,0.333083,
-0.000876,0.001933,-0.001405,-0.031816,-0.172158,0.122388,0.526857,0.310204,-0.130568,0.275472,0.363195,-0.068666,-0.466866,0.063130,-0.240841,-0.139868,0.539869,0.172357,0.329118,-0.347128,0.112983,-0.043438,0.528034,0.423479,0.315729,0.231961,0.581229,-0.032629,0.008045,0.033134,0.065280,0.132617,-0.454112,0.023294,-0.079431,-0.249210,-0.502590,0.246929,-0.154620,0.528950,-0.192815,-0.464785,-0.142134,0.305517,-0.131914,0.033769,0.126832,0.218691,-0.393156,-0.129502,0.222822,0.474440,-0.140199,-0.196256,-0.150353,0.517702,0.605355,-0.520276,0.363733,-0.433168,-0.023777,0.198132,0.268109,-0.264386,0.052790,-0.440690,0.092954,-0.365798,-0.436866,-0.412960,-0.128817,-0.059517,0.344568,0.048017,-0.077908,0.049633,-0.543578,0.149377,0.210777,0.307001,0.124396,-0.046670,-0.282470,0.239166,-0.327953,0.080489,0.246421,-0.043762,0.034071,-0.170770,-0.008974,-0.118712,0.100668,0.326931,0.221238,
-0.001421,0.003567,-0.000018,-0.046593,-0.174200,0.187850,0.337354,0.130739,0.564514,0.013138,0.110826,-0.590510,-0.129750,-0.136215,0.323423,-0.212501,-0.192760,-0.490898,0.066897,-0.043945,0.041165,-0.064199,0.512642,0.408023,0.245271,-0.006321,0.459671,-0.059481,0.031116,0.086808,0.154502,-0.492151,-0.235424,0.223750,0.269138,0.176242,-0.233201,0.237863,0.422145,0.289654,0.320287,-0.142328,0.267209,-0.211061,-0.060711,0.017904,0.074312,0.144577,0.264372,-0.302397,-0.025204,0.284465,0.482352,0.357113,0.417347,0.209534,0.263721,0.498594,-0.107985,-0.411832,-0.472168,-0.381615,-0.496199,-0.487604,-0.283787,-0.383420,0.331084,0.429233,-0.129402,0.202439,-0.363518,-0.177747,0.121347,0.345744,0.173666,-0.026078,-0.043726,-0.695989,0.354562,-0.271579,-0.429075,0.419778,0.123063,0.492041,0.436550,-0.136654,-0.088202,-0.389133,-0.371659,-0.464290,-0.437356,0.257644,0.054324,0.631975,-0.560777,
-0.004389,-0.010185,-0.037665,-0.114609,0.456159,-0.012059,0.342567,0.273781,-0.037013,0.314185,0.212195,0.230548,0.260904,0.251741,-0.115100,-0.501806,-0.540839,-0.114324,-0.213474,0.023600,0.106564,-0.038901,0.509521,0.462048,0.351860,0.179914,-0.210391,0.011939,0.079359,0.135693,0.225491,-0.487319,-0.339524,-0.023309,-0.206788,-0.174670,0.256238,0.229491,0.150552,-0.077547,-0.081287,0.245271,-0.226008,-0.081510,-0.014461,0.021508,0.053187,0.102290,0.196891,-0.404549,-0.290176,-0.067237,0.207037,-0.043296,0.046125,-0.237015,-0.188832,0.109488,0.229777,0.192990,-0.034802,0.028131,-0.292028,-0.409130,-0.594572,-0.448892,0.120766,-0.369630,-0.194889,-0.414740,-0.321391,-0.236794,-0.512296,0.030577,-0.046524,-0.064196,-0.161088,0.283588,-0.455893,-0.357834,-0.498757,0.443177,-0.296430,0.330419,0.136137,-0.014575,-0.067855,0.045377,0.186513,0.147128,0.133474,0.211910,-0.192637,-0.123644,-0.411358,
-0.009449,-0.032104,-0.108887,0.480858,0.177744,-0.289914,-0.107449,-0.295575,0.140230,-0.207183,-0.417871,-0.440613,-0.362327,-0.557334,0.012499,-0.039165,-0.055314,-0.149899,0.070840,0.112188,0.217946,-0.013390,0.463161,0.513561,0.428809,0.425908,-0.081569,0.122420,0.105937,0.140758,0.285533,0.188301,-0.572802,-0.537281,-0.035714,0.089829,-0.045042,0.217552,-0.180672,-0.401771,-0.494933,0.510417,-0.080793,-0.019457,0.006328,0.021122,0.038217,0.072114,0.153412,0.376043,-0.445231,-0.410563,-0.301106,-0.462773,-0.431599,-0.539680,-0.504024,-0.328276,0.107279,-0.141926,-0.265965,-0.260133,-0.466067,-0.624301,0.246246,-0.524626,0.567061,0.487553,0.585406,0.141224,-0.390297,-0.483192,-0.002112,0.102945,-0.055982,0.474615,0.590082,-0.243437,0.737806,0.136177,0.376332,0.243640,0.452222,-0.410161,0.174666,0.255977,0.118905,0.278530,0.311007,0.459616,0.410724,0.507903,-0.123884,-0.020762,-0.121553,
-0.026661,-0.055303,-0.093966,0.509593,0.225638,-0.204328,0.197916,0.042637,0.022102,-0.029744,-0.457001,-0.398893,-0.356511,0.097009,0.533678,0.530929,-0.139109,0.027197,0.195964,0.166977,0.243989,0.002836,0.493371,0.527181,0.437865,0.461386,-0.038828,0.200662,0.133130,0.152587,-0.473875,0.120089,0.011936,-0.125744,0.007858,0.185163,0.123788,0.170466,-0.433164,0.188640,0.092877,-0.061500,-0.004968,0.018409,0.028426,0.036361,0.050426,0.084066,0.169666,-0.379665,0.202556,0.149117,0.152958,0.135749,0.142653,0.133177,0.157846,-0.516373,0.066129,-0.006819,-0.039421,-0.042768,-0.049735,-0.019604,0.077836,0.261979,-0.074892,0.519764,-0.134647,0.066097,-0.501932,0.222855,-0.032200,0.155262,0.125229,-0.018997,-0.034479,-0.369950,-0.251125,-0.326637,-0.152584,-0.076716,0.229242,0.037522,-0.064226,-0.350211,-0.447999,-0.264408,-0.255845,-0.007263,-0.203746,-0.032134,0.158718,-0.566964,0.364934,
-0.012325,-0.075885,0.386179,-0.036451,-0.395203,0.163934,0.067198,0.024177,0.000941,-0.031883,0.079726,0.128839,0.095777,0.016796,-0.062575,-0.102742,-0.072916,-0.006245,0.062353,0.083101,0.094966,0.004092,-0.090355,-0.090596,-0.098025,-0.094890,-0.004408,0.079867,0.057181,0.059485,0.098466,0.041135,-0.006712,-0.070832,-0.003984,0.057386,0.074798,0.065258,0.091732,0.078341,0.042774,0.026932,0.018291,0.013866,0.012099,0.012209,0.014560,0.021498,0.040024,0.089326,0.042061,0.027227,0.024168,0.023730,0.026028,0.029705,0.036798,0.035222,0.029906,0.013977,0.004449,0.001838,0.003501,0.014990,0.046394,0.124702,-0.019906,-0.077375,-0.026112,0.012750,0.049234,0.092128,0.026666,-0.131515,-0.319228,0.126528,-0.031131,0.033422,-0.415168,0.273287,-0.101468,0.273252,-0.255433,-0.226092,0.246430,0.620524,0.389276,-0.058190,-0.121246,-0.326746,-0.222162,-0.463100,-0.520299,0.042148,0.539795,
-0.115021,0.404199,0.033066,-0.349273,0.190844,0.087007,0.039840,0.017389,0.002667,-0.016874,0.048802,0.057142,0.045625,0.009061,-0.028968,-0.045833,-0.051138,-0.020376,0.031640,0.050009,0.053725,0.005623,-0.044191,-0.046763,-0.044576,-0.031849,0.003863,0.037575,0.044363,0.037963,0.046258,0.032883,-0.003873,-0.057476,-0.007659,0.025826,0.056549,0.043717,0.053397,0.047931,0.033803,0.042371,0.022953,0.014506,0.011186,0.010171,0.010504,0.012378,0.017324,0.029789,0.017248,0.013160,0.012175,0.012510,0.014284,0.018682,0.029675,0.057864,0.029799,0.016529,0.010658,0.008691,0.009197,0.012881,0.022090,0.041697,-0.013035,-0.042527,-0.013341,0.008484,0.029357,0.055211,0.021347,-0.025951,0.140542,-0.203219,-0.170971,0.110373,0.364535,0.006928,0.044514,-0.279362,0.089771,-0.377610,0.073346,0.241395,0.051144,0.219851,0.057233,0.080303,-0.372345,-0.179800,-0.058246,0.207338,0.142611,
-0.338577,-0.031653,-0.391436,0.162463,0.072234,0.033400,0.016168,0.007727,0.001652,-0.007482,0.014448,0.020728,0.017001,0.003914,-0.009750,-0.015952,-0.016501,-0.013447,0.010981,0.019426,0.017524,0.003322,-0.011467,-0.015770,-0.013517,-0.004498,0.003228,0.010576,0.018537,0.019523,0.014441,0.013602,0.001538,-0.033548,-0.004512,0.014398,0.021937,0.022973,0.021853,0.016098,0.016920,0.030572,0.013773,0.007866,0.005723,0.004953,0.004705,0.004568,0.003861,0.000023,0.003927,0.004767,0.005071,0.005492,0.006506,0.009119,0.016228,0.036784,0.015873,0.008461,0.005678,0.004702,0.004588,0.005079,0.005958,0.005816,-0.003120,-0.017042,-0.009397,0.003877,0.016734,0.022462,0.002293,-0.029311,0.090592,-0.476359,-0.527695,-0.038702,0.512058,0.394362,0.453918,0.200779,-0.420807,0.185123,0.016018,0.456101,0.316904,0.392990,0.406534,0.505320,0.408118,0.461489,-0.197325,-0.011354,0.118118,
