1.366547,1.588246,2.230119,2.542261,2.529529,2.642531,3.016579,3.270001,3.373933,3.938619,3.894229,3.718733,2.917716,2.444392,1.789211,-2.003628,-2.823738,-1.919125,3.352623,1.763507,2.132216,1.617145,2.434246,3.769091,
3.548335,3.267463,3.778692,3.937456,3.927658,3.499621,3.176666,2.723769,2.831935,2.635802,2.041813,2.169516,1.967377,1.973986,2.188101,-2.182925,-3.198040,-2.158171,2.843199,2.775460,-3.460755,-3.268140,5.069470,0.529245,
4.293147,2.057651,1.925269,1.849511,1.571026,1.363937,0.868884,0.802950,0.816830,0.836038,0.802200,-0.586286,1.064640,1.027810,0.945341,-2.154311,-2.015063,-4.080639,0.485055,3.423288,-1.660542,2.512455,5.480265,0.512815,
4.756654,1.905765,1.064805,1.159366,0.677617,0.404025,-0.987347,0.380672,0.855597,-1.215195,-1.594934,-1.293963,-0.916219,-0.341338,-0.424902,-1.809314,-1.547953,-3.874073,-2.782526,2.814535,2.760905,2.752375,3.779856,1.143793,
5.044564,2.018445,0.853221,-0.548138,0.537260,0.635298,-0.910975,-0.064770,0.563400,-3.812784,-3.735355,-5.475109,-4.357561,-1.700375,-0.267490,-1.204513,-1.632927,-3.427732,-5.606133,-1.801268,5.842942,3.149812,3.367526,-0.466193,
5.150197,2.093297,0.899551,-0.742548,-0.607424,-1.154843,-0.505430,-0.717581,-0.710156,-7.196255,-9.237196,-10.302214,-8.631164,3.497948,1.183760,-1.176780,-3.031874,-5.994211,-8.892942,-6.840147,7.890289,-5.109224,4.992909,-2.242519,
5.221530,1.655171,0.917686,-0.623213,-0.427614,-1.032423,-0.605911,-1.620243,-0.885004,-9.489689,-15.212974,-9.765103,13.124893,6.668976,1.559836,-0.918850,-5.394250,-12.708506,-10.520952,-10.930869,-9.797367,-8.542119,7.401359,4.728933,
4.829830,2.055509,0.771586,-0.578589,-0.254584,-1.067023,-0.191558,-1.397712,-1.205358,-10.325372,-18.747759,-4.598953,15.541307,7.639233,1.836870,-0.991422,-9.134979,-18.676783,-10.758618,-9.268350,8.363350,-7.918658,9.815496,7.363654,
4.731020,2.305434,0.665753,-0.512091,-0.155705,-1.940358,-0.765538,-0.917610,-1.131789,-10.502885,-20.328257,-1.906943,16.142771,8.884668,1.777356,-1.256943,-11.499906,-21.817909,-6.984115,6.750991,4.883104,6.824621,11.198881,7.914404,
4.473606,2.747120,0.517504,-0.766775,0.406638,-2.696166,-0.514059,-0.779420,-1.051001,-10.033429,-21.325216,0.815953,16.397652,9.529347,1.878650,-1.580948,-12.175382,-23.359497,-4.564269,9.093070,2.026422,2.751312,12.051092,8.132401,
4.576033,2.887436,0.789334,-0.852888,0.415578,-1.964709,1.025213,0.582354,-1.353801,-8.850768,-21.899698,-1.559539,17.232462,9.874846,2.072853,-1.654810,-12.161080,-22.899960,-4.455659,10.741143,1.867756,-4.244149,12.263240,10.585107,
4.638922,2.716293,1.095698,-0.663362,0.683213,-1.421238,1.312310,1.920695,-1.905470,-8.668559,-21.915825,-2.083214,17.215462,9.819386,2.088833,-1.884372,-12.858380,-21.978104,-3.286321,10.792769,-4.337206,-8.440442,12.394664,11.961480,
4.469518,2.976432,1.202283,-0.376242,0.795852,-0.617218,1.366658,-1.728431,-2.243248,-8.422705,-22.107702,-2.645050,16.855282,9.720215,2.242392,-2.737598,-13.691739,-21.206629,-3.115693,10.181678,-5.354459,-10.767730,12.495994,13.914173,
4.442334,2.864560,1.362410,0.056061,0.452393,0.244352,0.901139,-1.442371,-2.094420,-9.008407,-21.631710,-4.190145,15.852150,9.514793,2.314750,-3.742749,-16.287731,-19.445196,-3.835680,7.587492,-6.249067,-8.682162,11.166142,15.202497,
4.599382,2.998428,1.198480,0.351935,0.544327,0.304758,-0.379573,-1.570945,-2.356069,-8.457204,-22.319429,-6.175986,14.844851,8.542002,-4.220966,-4.566626,-18.396158,-16.089094,-4.212300,-5.145959,-8.784252,-6.888527,9.268940,16.547930,
4.650352,3.210891,1.379029,0.590926,0.510925,0.640737,0.621905,-2.119343,-2.036513,-8.504375,-23.542521,-7.489906,10.993986,6.435751,-8.157742,-8.808704,-16.139212,-12.535591,-3.124183,-1.842649,-4.087609,-3.279421,7.067343,17.566736,
4.983881,3.323459,1.201222,0.543635,0.683593,1.034287,-0.689073,-2.094363,-1.764474,-8.905504,-23.015476,-9.150800,4.243248,-7.625242,-11.150606,-11.585676,-8.678847,-9.544603,2.371861,5.285919,7.837006,7.612655,7.062111,16.608843,
5.703777,2.952121,1.048040,0.595914,0.880588,0.945547,0.972315,-2.594031,-2.018576,-7.880494,-19.337227,-8.315101,5.491550,-0.513445,-3.290702,-4.062231,-1.486539,-7.444628,7.859119,10.248427,12.978758,11.046123,9.463218,13.331420,
6.231704,2.608358,1.249530,0.723237,0.813175,0.593677,-0.750688,-2.599901,-2.424243,-6.089524,-11.860119,9.235049,11.234895,10.454439,9.372197,8.495774,8.836292,9.593363,12.632968,13.305331,10.972644,10.963729,12.847748,10.971067,
6.544568,2.206090,1.015790,0.925974,0.171285,-0.591462,-0.839765,-2.209777,-2.187708,-4.213234,-5.976083,8.128992,10.667962,11.055283,10.963908,11.026922,9.578369,9.486178,11.114383,10.085058,7.479614,8.337305,11.041271,8.254728,
6.203318,2.148657,0.857669,0.700322,-0.857772,-0.805528,-0.882529,-1.038858,-1.883437,-2.288250,-3.001637,5.823039,7.363518,8.534357,8.208163,8.343850,8.027963,7.608606,9.271133,8.397984,6.382566,6.710196,8.099706,5.923112,
6.006307,2.280731,0.649692,0.498653,-0.664704,-0.379521,-0.350341,-0.786083,-1.197587,-1.065977,2.225623,3.565668,4.603024,4.793761,5.194897,4.832995,5.114748,5.503022,5.695208,5.092834,4.490194,4.790327,4.742599,4.302200,
5.917382,2.312312,0.944986,-0.299509,-0.891377,-0.757715,-0.669313,-0.967921,-0.830084,-0.397591,-0.573771,1.352947,1.547044,1.356310,1.662938,1.755561,1.804253,1.453365,1.435059,1.490894,0.955842,1.149806,1.254521,-1.176034,
5.277862,2.108247,-1.508927,-1.795537,-2.144148,-2.126043,-2.931528,-3.181446,-3.075445,-2.923749,-2.424656,-2.251345,-2.752996,-2.254653,-2.695018,-2.241731,-2.039101,-2.556148,-2.529906,-2.658683,-2.741100,-2.736750,-2.630523,-2.840567,
2.950255,-3.579162,-4.670091,-4.700646,-4.678892,-5.685663,-5.135922,-5.285584,-4.905495,-5.157615,-4.898130,-5.168625,-4.711016,-4.913404,-4.567898,-4.390575,-3.958151,-3.638363,-3.892191,-3.439482,-3.171871,-2.841425,-2.753610,-2.508932,
