27.324376,28.966995,40.910171,51.326019,65.504208,73.587065,75.715893,73.741064,68.116227,60.591592,54.833207,54.109994,57.263917,62.044774,67.693696,72.453839,75.036715,75.974788,76.544394,76.932839,76.498546,75.620503,74.418505,70.621648,62.278435,50.872712,41.719355,37.942265,38.026458,43.310005,54.742572,66.665949,73.108214,73.145710,66.925086,62.904370,63.503868,61.093420,65.731074,65.544628,60.320122,59.432130,61.791988,65.103589,73.696321,77.061407,78.305040,79.491235,79.790459,79.661922,78.330673,73.187649,63.489031,64.351236,60.797245,62.387968,67.002578,66.895670,61.713360,60.111098,61.188860,66.774393,74.758704,78.234279,79.350102,79.549142,78.403703,74.835009,67.531393,62.509277,35.535519,56.111816,63.617328,69.752300,71.022806,66.972321,57.066405,43.134074,57.778177,60.301245,69.269003,75.723557,78.534901,79.181881,78.180550,74.578737,67.015928,61.873566,59.462138,61.889524,68.440620,72.048475,72.827675,69.886245,61.401053,
30.768869,16.731027,61.967204,65.794910,50.734044,36.418312,36.992320,38.638066,38.964366,35.022997,27.471076,22.117685,20.302584,18.501698,19.896093,21.687359,22.814322,23.726565,24.731130,25.698196,26.616043,27.036684,26.586804,27.482489,30.022618,24.595787,13.534068,7.181675,10.540035,19.661375,31.274352,32.691660,29.001649,31.764586,49.126460,87.114531,89.659229,33.620712,15.281707,15.346942,35.169401,81.902628,89.070424,51.781469,37.698534,34.138173,35.164613,35.574495,35.216165,34.597398,35.051949,40.112131,53.667449,93.276460,79.449461,32.026366,18.576076,17.916639,32.170785,78.573229,89.434551,57.656020,37.517314,34.759764,35.215362,36.041582,36.764216,38.303358,46.081417,82.100520,50.528923,69.733778,35.791805,22.452725,21.964261,28.738106,44.577702,46.192878,90.312849,64.431533,43.683356,38.055207,34.630184,33.552594,32.959832,33.863336,52.906772,87.470714,82.629973,40.437876,25.021314,25.153739,25.714975,27.196499,44.136142,
30.857672,15.285987,69.374863,75.011246,51.677024,24.299901,17.578611,20.048668,26.489692,29.080279,22.988429,12.597755,4.677859,7.147166,15.748172,17.531122,14.697572,12.652536,10.967200,8.677311,7.603200,7.511449,9.508706,17.688568,30.095365,30.371191,23.165417,19.568769,18.931831,24.839802,34.706837,28.908497,16.949169,18.316787,43.134453,92.564690,101.507284,41.644228,18.153892,26.569252,50.704428,96.466085,96.496567,45.606209,24.279393,17.473261,17.074811,15.634243,14.441269,14.029268,17.053475,29.296801,52.743100,101.257735,97.645177,38.031392,11.326207,22.345625,43.425967,91.816145,98.051266,53.104079,24.032028,15.180670,14.196184,14.843422,17.112835,23.543195,39.809103,82.605565,72.268851,97.456976,56.722389,21.332033,5.614683,24.500374,57.725868,61.207313,101.018705,63.312547,29.684089,18.161721,14.344266,15.065012,20.257304,25.388806,47.186035,94.135574,101.651032,59.231062,36.526888,17.830716,3.149605,20.356502,53.956106,
26.134880,21.054324,66.840485,80.024547,49.258717,22.024823,10.528985,9.392178,17.350624,26.593097,28.122955,21.005377,17.918123,23.133337,35.671067,48.928167,53.065022,50.312452,47.439416,45.526355,44.874088,44.037673,43.827662,43.214071,43.987077,39.940018,30.742282,25.839134,27.224034,37.985492,42.995460,28.919669,7.849536,11.163774,36.755948,85.990937,103.699377,69.753561,60.391900,72.964894,99.862796,115.133915,84.710611,34.156318,14.888242,8.514045,6.565681,3.447514,3.374803,4.257892,8.606710,20.347033,42.830777,95.372625,103.078761,51.765537,40.336970,71.719170,85.402506,108.427722,90.192762,42.412870,17.422943,8.474415,6.121420,4.455987,6.355720,13.348768,27.870868,59.245911,71.430093,113.305876,91.708297,44.759072,31.174342,52.062753,89.925508,85.054185,94.627877,54.142544,25.211150,13.445166,8.004099,6.836352,8.806865,17.605556,33.149817,77.101108,108.808405,87.483926,76.527594,35.760968,20.507095,35.989754,73.793408,
20.147968,31.161955,66.899092,78.049666,42.862252,20.774381,8.533102,6.322017,9.340041,16.579311,25.607923,32.120686,32.149321,25.620417,36.660873,44.031818,46.870964,41.627189,34.197206,28.489705,24.816148,25.942825,28.941830,28.498364,31.743148,29.955005,20.158172,13.309987,26.465397,47.792328,46.718495,29.525029,6.862610,6.607071,25.340965,67.543471,99.357951,109.017627,115.731520,114.367607,108.718008,81.304297,42.472527,15.770634,9.119822,4.985807,7.161450,2.243643,2.928066,2.059464,4.280084,15.069678,32.341546,82.667168,104.917485,85.000933,85.886270,104.353748,97.649289,95.032421,57.562508,22.540383,9.632888,5.858008,3.439136,3.153667,6.719731,6.793029,13.011005,31.379834,47.515758,94.595160,102.098849,69.499843,63.459209,91.132713,114.485651,85.962922,70.639825,36.615432,16.722840,7.617533,3.634212,4.145093,5.119152,12.172294,22.446726,47.213172,82.832748,71.699974,90.442254,53.966184,45.287137,67.659394,85.452976,
6.994763,26.293269,65.616456,66.456737,37.984470,18.465812,8.587198,3.921303,4.996963,9.419407,20.442254,37.081274,43.808245,26.500422,29.293162,12.425641,15.392786,21.245180,19.950083,19.805235,20.552752,21.841188,21.897809,19.789705,24.962857,24.142400,15.683250,12.273905,28.094617,49.770880,45.124933,30.003880,8.833070,4.786793,12.929697,34.684662,56.648081,67.483455,69.985003,64.065607,55.786426,33.923579,13.090612,7.488733,14.598479,13.088445,13.595013,8.364104,7.360651,6.886713,4.625246,8.112317,21.613083,57.413457,94.495003,113.697910,116.113178,98.869073,68.039131,51.493036,24.333273,7.711683,9.358985,10.775664,9.295532,12.526063,15.384028,12.447571,6.437403,12.244295,30.338813,75.166163,114.494145,126.230257,123.907914,117.583664,94.566759,53.669888,36.716498,13.716533,8.862629,8.934299,6.794055,5.553840,7.538806,7.838439,11.183094,32.783890,68.262246,81.112271,108.657009,91.811943,83.869203,95.155969,80.470351,
10.449863,29.520190,71.473139,62.616789,35.822282,16.505161,7.938417,2.332471,4.370629,5.692707,13.731707,32.090361,46.095448,33.649006,39.749404,25.554523,28.430234,39.325792,42.489490,43.656031,43.502211,42.084023,39.632469,35.502904,36.077862,30.850741,20.858880,16.445948,27.108418,44.337006,41.258827,29.920975,10.496687,2.807647,7.978095,14.155019,16.631142,12.934270,14.497760,15.127237,17.648458,9.286590,3.972026,9.491468,7.470027,9.022661,12.768043,9.310780,7.208467,5.760839,5.594936,3.677910,10.727978,23.321889,34.518005,41.071545,42.798745,40.176030,33.161123,23.963337,8.766978,6.433779,8.076198,12.330201,13.333661,15.623259,14.276803,11.484172,11.371357,5.979898,15.342975,30.505198,50.707696,66.031312,71.346458,66.445100,48.218039,27.216421,12.163822,2.906762,5.881565,7.232033,6.196820,6.477639,8.931891,5.481144,3.643613,15.181215,35.060811,51.338256,86.564316,100.280393,107.601336,95.101928,56.726265,
19.529132,33.385586,78.940498,68.043856,36.122646,17.480894,7.657626,2.409137,4.245266,5.985362,10.747380,25.416860,39.253931,31.785721,36.962507,25.844059,23.166276,32.854817,33.677744,25.231859,18.855908,21.148350,26.266640,28.563806,35.131321,30.625340,20.683045,16.070441,23.346319,39.432104,38.172761,28.655310,10.004170,3.245307,9.575323,14.612428,14.323125,6.207809,7.070266,9.113580,12.759178,5.211113,4.562762,13.307976,3.353102,2.765423,8.723893,7.439705,3.473829,5.642242,7.735177,2.212998,8.080768,9.586784,8.936322,8.297125,8.868163,7.983912,6.672391,6.711954,10.271115,8.859103,4.555947,6.627046,10.171819,9.810099,4.376416,8.719795,12.684330,5.038910,5.765403,10.343219,15.208634,21.270682,23.729246,21.840884,17.080688,10.055404,6.825545,4.359718,2.887082,6.455568,8.675404,9.962227,8.906741,5.631155,9.025058,9.495496,19.517480,26.290731,40.017273,42.005724,38.802355,33.738114,29.280741,
31.460123,33.777708,84.325264,83.491094,42.928144,20.235677,7.832333,3.194338,1.035799,3.846363,8.206398,19.874126,32.526112,35.697577,44.061892,39.529174,31.316084,31.018260,32.107859,21.325741,8.334375,9.878499,18.852765,25.465523,34.525242,31.153526,24.795614,22.883982,24.555667,32.267926,35.973072,27.993111,8.969929,5.231543,11.839409,17.895567,17.604749,10.931620,13.546643,16.393904,19.715479,8.822513,4.886355,13.678145,9.586745,2.397210,5.925560,9.360097,8.994917,8.563848,6.037604,6.198079,18.056812,26.621981,32.927379,33.016651,29.870951,24.088033,15.688332,14.230152,7.262799,12.481510,11.563116,7.769579,5.821758,4.374720,7.491271,11.800064,9.245904,8.362137,13.788496,18.570922,19.843802,16.193328,12.495957,12.587033,12.267107,2.952698,6.330215,5.587801,6.595342,10.222759,13.867833,14.470945,10.874441,7.247072,12.647240,1.738966,8.263139,12.708090,17.902858,23.674729,22.645727,15.751732,24.750743,
36.181836,34.160160,72.922830,85.003540,46.883106,20.687970,7.361644,3.118482,0.977512,3.351807,5.662933,12.784348,19.518134,17.206249,23.816873,18.309852,13.941036,18.184570,22.284673,17.233059,9.663331,6.527117,11.359164,19.516884,28.136641,20.606944,10.168330,12.150206,18.293195,22.881665,32.763079,27.614061,9.421392,6.169841,14.920151,21.121538,18.208525,4.376903,7.494614,9.255730,22.881194,14.239412,8.400829,12.327447,17.081788,5.402606,2.093999,11.730655,14.395616,8.362394,3.383235,9.548716,20.198762,26.098814,19.583368,14.980380,17.191207,18.569765,13.851141,20.225889,5.543982,10.259697,15.357800,13.349402,2.915200,8.426169,14.284440,12.147138,5.753249,13.872949,17.754649,26.277062,27.803208,27.786703,24.911768,21.491893,20.577247,7.447953,5.322239,9.303359,13.789214,7.923823,5.316972,5.037107,11.658353,11.249196,9.952895,8.117431,15.026235,17.370092,15.402743,13.955352,10.611104,9.121099,23.562054,
49.905247,76.401581,86.942782,78.338331,41.215415,17.003976,6.754256,2.848250,1.236272,3.957260,7.327221,18.269594,28.628298,28.524489,28.550825,15.341018,9.538149,13.965828,14.292424,10.661634,7.802612,10.378826,18.202941,27.588795,34.049920,24.348353,12.997200,8.799468,15.413091,20.786430,27.629338,24.685307,11.357603,4.051830,15.580639,24.462306,20.538389,10.269168,18.171372,20.222389,28.663689,16.586097,6.386391,7.017012,18.454447,7.354212,4.323505,12.658868,17.423763,8.173927,4.234205,11.100492,21.856779,29.922449,21.621928,11.966993,19.388930,21.991167,18.983596,21.347777,7.712418,7.933637,16.387016,16.767922,6.872193,13.460072,17.614123,9.909282,9.253170,20.706552,14.527863,17.921395,11.983602,10.792816,15.869557,20.943982,23.702880,10.222229,5.820576,7.022616,18.293228,10.448820,3.989211,2.632902,16.660969,14.169158,5.487317,12.131167,15.277112,15.372361,14.533425,14.165531,12.787929,9.015218,19.692082,
57.533261,61.787438,60.931307,49.518573,27.535701,13.339042,5.189994,2.509367,1.268081,5.458754,12.079552,28.983028,42.402732,37.313711,33.982236,23.252199,24.420383,20.093104,13.572009,6.101050,4.001004,7.429664,17.332780,32.281410,37.556402,27.547290,23.686755,24.602414,25.136467,23.000174,25.682745,23.800418,10.701280,2.260776,11.556046,24.225365,17.912679,9.567595,18.436692,16.718679,20.308517,9.215383,3.806095,9.045433,14.742226,7.221213,5.987891,11.241120,16.888290,8.671015,3.097321,8.307660,18.033227,26.757029,22.985870,17.751965,22.267077,23.704603,16.739797,16.016537,5.811271,6.037081,14.347876,16.488175,12.329126,14.964282,15.024829,5.955168,9.985118,24.361848,19.181772,22.022607,18.403072,13.800565,19.102211,25.504973,25.150403,12.892567,7.384454,4.844753,18.086938,12.656140,7.001830,9.569587,17.571548,13.572485,4.376510,14.666859,16.013251,12.877788,9.236967,3.092727,6.326247,4.283017,17.727388,
65.350303,39.454419,32.920064,27.085979,16.533110,8.052640,3.051309,2.058145,3.030275,7.608355,16.648856,38.757174,50.577120,33.139493,23.639788,28.959371,38.725191,23.796678,9.600947,7.836446,2.727198,4.405017,15.330179,36.733923,39.648303,27.845029,25.676361,32.627199,36.796981,31.441532,30.279726,24.815352,7.985871,2.797197,8.516446,23.059672,16.024494,9.021087,16.192364,13.123055,13.471245,6.511063,2.060240,11.684903,10.422283,5.639175,4.393115,9.500881,15.064973,9.409256,3.065631,4.853779,12.892362,20.762021,18.923184,12.801483,16.102165,20.271234,10.169583,11.924758,3.838959,5.472730,11.358202,12.053894,8.266889,11.048623,11.811481,6.669373,7.113179,19.469755,18.631409,22.641133,20.681542,17.196838,20.846347,23.893279,21.474595,10.975110,4.834007,4.484691,15.635072,12.062684,5.502649,7.749814,13.654875,11.859164,4.606400,13.883795,17.445896,15.341351,13.221213,9.397568,10.988550,9.213931,21.017343,
70.026429,35.579641,24.172954,18.593928,10.610980,4.918207,2.034436,1.057597,5.313881,9.163194,20.423389,46.584447,54.849743,24.527674,11.827088,39.414407,46.995779,21.745542,5.597754,12.730491,4.743280,5.550938,14.723794,38.475894,43.214043,25.663446,11.586768,26.696150,40.206069,39.377359,34.493484,24.351495,7.548832,1.399375,7.732690,19.658353,12.242425,4.647255,13.365278,9.393228,11.749042,5.294618,1.518781,11.786280,9.667782,4.706177,3.228268,9.390154,13.611053,8.447966,3.217274,3.128837,9.927531,15.723055,13.890203,6.936915,10.562411,17.655261,6.680658,8.947542,1.949064,4.171855,9.293523,9.420882,6.374397,9.422946,10.033688,5.739579,4.997991,12.681807,13.768037,19.061083,17.629155,14.058751,17.063941,18.654152,16.011649,7.056584,3.252648,4.275382,14.541341,10.896884,5.047855,7.444202,12.320011,9.898982,3.145326,11.399575,15.105643,14.109099,12.968159,9.066197,10.159043,8.279502,24.984870,
70.843483,35.634789,22.875365,15.887635,7.705636,3.193273,1.985680,1.537617,6.270801,10.445192,25.180195,51.321771,53.288417,13.087563,15.051537,48.247154,46.461998,15.877316,8.350360,15.825387,6.178143,3.856017,9.845721,35.863631,47.526918,33.931215,5.839746,20.769721,43.486995,47.413922,38.227666,23.424772,6.799077,3.227203,11.460178,19.733727,13.703942,9.102132,15.683044,11.879117,15.612170,7.608025,1.113617,10.762144,9.803290,4.152286,2.688278,9.703512,12.271328,6.880257,2.655626,3.355340,9.760509,15.130913,11.391213,3.340816,8.124426,16.598195,6.668879,8.563908,1.875531,2.856258,7.873810,7.430848,3.685443,7.380985,7.884788,3.697186,3.383517,8.287330,8.243484,13.947348,12.409449,7.455575,11.060553,13.003170,12.181614,5.383282,1.141416,3.769974,13.422564,9.537983,5.171948,7.166090,11.203849,7.229284,1.791332,9.245219,12.347888,11.745723,11.471238,7.717895,8.541948,5.273219,28.053040,
69.378555,36.377912,24.606782,16.123615,6.895948,2.757741,1.651386,2.351604,6.151205,12.984832,31.393523,53.739262,48.049964,7.542061,25.040015,51.717258,38.601178,9.152336,11.766034,16.859165,7.837424,7.014831,3.636218,27.999141,47.328178,41.663310,11.471423,11.645256,43.243613,54.937599,41.143458,21.721184,5.311420,7.230570,19.441667,27.674330,27.357770,26.732575,29.781535,24.541446,26.137846,14.317508,3.495773,8.766703,9.893270,4.036139,3.302926,10.056591,10.881021,5.125550,1.562188,6.079972,14.149380,19.882444,16.471164,12.499162,13.971027,19.060066,9.807895,10.980483,3.764471,1.412453,6.939244,6.558371,1.717972,6.167014,6.763361,2.415525,2.857059,8.121614,7.249952,12.631671,10.842194,4.587549,9.546251,12.242561,12.186370,5.703854,0.561576,2.911604,11.938793,8.088028,5.363611,6.643452,9.843173,5.259253,1.948495,7.754648,10.385696,9.215414,8.654196,3.687466,5.620512,3.754314,29.291335,
67.551894,37.018211,26.403508,16.727594,6.814294,2.531691,0.661219,3.341077,6.230816,15.079153,36.573244,55.296354,43.832106,9.324793,31.737293,53.479591,32.542683,5.847794,13.242538,18.015048,9.360074,9.376682,6.781877,20.831315,45.292793,45.048686,12.454731,6.395097,44.483510,59.083078,41.955318,18.815900,3.345806,12.681619,30.563691,40.069335,42.951877,42.551124,44.894535,38.011910,39.806349,23.836128,7.627970,5.686025,9.737949,4.561071,4.610032,9.957129,9.308324,3.117125,2.927418,11.385115,22.885954,31.982160,33.158648,33.215093,33.247958,32.112690,19.602255,17.767377,7.382750,1.640852,5.935654,6.168718,1.704507,5.831358,6.078080,1.639840,5.103650,13.121157,15.249594,23.036104,25.716054,24.881287,25.530869,23.671301,18.682705,8.028123,1.997300,1.693102,10.236540,7.097034,6.338936,6.270113,8.147273,3.184613,3.424713,10.217069,14.145841,14.676676,15.285304,13.253914,13.326623,10.230241,27.935275,
67.109899,37.756418,27.273880,16.271598,6.273785,2.271205,0.633039,3.783703,7.023436,15.128393,38.308843,57.502713,44.208745,11.574694,33.384922,56.995128,37.123067,10.800848,16.132193,20.361688,10.504477,10.972613,8.674308,18.811081,44.943827,46.493812,10.120408,5.974424,47.038176,60.817713,40.415887,15.304952,2.568434,18.995626,42.385541,51.396286,51.377853,45.746716,49.518777,43.953053,51.475187,33.774174,12.849806,2.348659,8.853895,4.507250,5.025654,8.867724,7.385216,1.321437,6.413065,18.004364,32.797223,46.675994,48.698533,48.631426,49.772317,47.209229,29.220092,25.514745,12.027514,3.858549,4.501559,5.186843,2.690104,5.849542,4.853699,1.553321,9.087838,21.316585,25.467459,36.463845,41.306754,40.482860,40.910157,38.613267,29.717529,12.721148,3.934011,1.075947,8.154494,6.231672,6.587177,5.582193,6.126617,1.510271,7.721208,17.797731,24.727835,28.371745,31.912821,32.536816,32.273885,24.510789,24.260268,
68.517854,38.551667,26.897111,14.746031,5.170037,1.676716,1.139513,3.541938,7.900419,13.577712,36.127009,59.846168,48.913516,11.657324,25.582302,55.607547,46.298030,22.723754,23.422101,24.461547,16.110605,19.540593,22.489791,25.402497,42.758379,42.582538,6.372385,13.299059,49.986079,59.772568,37.264284,11.926854,3.706328,24.320031,50.483766,56.078071,46.917186,28.965854,39.382714,39.496090,57.113899,40.752729,17.126847,3.059589,7.289611,1.920183,2.601824,6.742852,5.391342,3.122432,9.973775,23.310146,40.387692,55.906935,49.740604,41.658030,48.713708,53.897637,33.743323,30.336981,15.397388,5.189891,2.740334,3.522464,2.689462,5.140046,2.874658,3.735262,13.239704,28.426136,30.992842,42.579578,44.607528,39.548106,44.003639,47.917887,39.294224,17.353611,6.423575,2.431050,5.811999,5.379927,6.078048,4.436807,3.830914,3.125832,11.708070,25.319263,33.150419,35.635402,39.532970,40.021720,40.335477,34.463624,20.108254,
72.526450,39.389429,24.415398,12.859402,4.582659,1.005495,0.749275,3.253742,7.199034,12.375668,30.992777,57.749746,56.049410,18.878571,12.566629,46.608979,57.964611,47.527799,40.878117,33.372078,27.828100,30.545346,35.784598,36.361299,34.731331,29.032966,11.009059,26.079938,50.590827,54.795208,32.098638,9.815193,5.829766,27.582118,52.770409,55.545250,37.336968,6.560892,29.272754,33.129121,54.992888,43.750768,19.004757,5.654280,7.794949,3.869400,4.725205,7.892424,7.300483,6.731217,12.751344,25.316029,46.946380,58.472206,44.559406,19.842536,39.847109,56.346004,34.085747,34.053194,19.836470,7.061672,1.920524,1.788934,1.651394,3.546071,1.449437,6.072662,16.999529,35.624362,34.852044,46.351410,45.038964,33.098223,45.014655,56.074695,47.061620,20.981771,9.582187,3.786662,4.033450,5.495930,5.844729,4.357187,2.782816,5.552002,15.373390,34.751974,44.663059,41.065936,46.987589,45.890279,46.235409,42.605776,17.319377,
75.855585,38.665901,20.675326,11.166854,3.987520,0.752265,2.189934,4.777312,6.883772,11.514896,24.848272,49.005718,55.738640,27.164086,13.553633,18.221246,33.034134,23.454974,18.642724,16.598055,14.685566,15.506261,18.258957,17.885357,14.554158,12.766941,16.388330,31.896369,43.926081,47.858373,25.868634,8.180037,7.882453,28.228951,50.502186,53.032528,34.077917,17.454823,29.851164,30.599476,47.849569,41.690985,19.083817,8.426280,7.865709,3.231798,3.854877,7.169386,9.093395,10.086229,14.164408,24.496103,48.384537,56.295495,40.143669,3.718257,36.290605,55.833511,31.827820,33.838449,20.820195,9.650105,5.400332,3.315232,2.678156,3.712782,3.349944,8.121914,19.413301,38.662655,34.386222,46.201563,40.358708,12.138133,40.819725,59.774244,50.999747,23.191104,11.815571,4.623160,1.466080,2.097120,2.555723,1.649279,2.938980,8.008631,18.514717,40.580028,47.848049,33.061372,37.998186,20.842629,33.330973,42.791411,14.730503,
77.006543,38.574365,19.536679,10.098217,3.265111,1.441538,4.081927,6.835458,10.392703,14.415783,21.292797,38.681077,46.583233,33.003694,29.671222,24.911198,26.089666,12.320661,4.584694,7.636914,8.766481,8.318690,7.202164,4.412116,9.505335,21.479262,32.413902,39.997992,41.635003,41.097115,21.146551,6.328628,8.720214,26.012113,45.554585,49.131164,37.143205,31.579654,36.278475,31.197654,38.917225,33.818047,17.352418,12.985195,12.047910,10.310225,11.049584,13.485761,16.643869,18.276106,19.081697,23.489984,42.713297,48.949267,38.726612,24.395173,35.782631,48.431218,27.714165,31.303761,23.584059,17.391818,12.687882,10.052661,8.460364,7.858702,7.059257,10.003496,19.788697,37.617956,33.746474,44.742204,37.440113,6.736348,41.283314,59.886980,50.850567,23.508923,12.329703,5.014318,0.832749,0.858285,1.457527,0.798217,3.905725,9.620099,21.062658,43.184542,49.870102,32.389477,35.199525,8.905793,28.623241,43.769815,14.237718,
77.681355,38.458314,18.951149,9.164865,2.499063,4.442756,11.672099,15.785888,22.471988,27.891019,28.686952,29.836705,28.078788,26.534585,37.533189,45.727270,46.972472,39.278866,33.140832,27.051244,20.853187,16.005572,14.506450,21.458038,30.086238,36.549405,39.556158,38.787388,34.413741,30.545156,16.029901,4.519910,8.032011,21.628593,38.557465,44.138431,40.253693,39.681195,40.422709,33.863731,32.133309,24.790094,9.965105,5.956722,5.696189,4.356928,5.947645,7.562468,9.333849,10.264625,10.288495,14.329624,32.571810,38.866400,42.121627,40.597820,40.265329,39.542597,19.814573,20.752116,20.050663,21.619806,18.830725,16.724048,15.125709,14.245136,13.069686,13.527388,19.056913,32.350425,30.008751,41.126461,37.353107,25.517164,45.034084,56.809021,46.981751,21.427692,11.631795,4.837898,0.654267,0.381175,1.167703,0.694633,4.166386,9.882872,22.805813,43.727275,49.248494,30.592131,31.693570,12.945806,29.500684,43.048649,13.734871,
78.233148,38.418599,18.362178,8.131953,1.943156,8.275860,18.405680,21.485937,32.988336,41.744171,42.782254,36.377355,20.180641,5.022103,17.335061,31.239213,35.054217,32.957813,34.507644,33.554702,31.203636,31.278627,32.018661,35.834154,37.158743,34.099296,29.354612,24.999417,21.139502,19.791599,11.604258,3.592309,6.347078,16.331690,30.078333,36.226400,36.814920,37.082880,35.882057,31.500638,28.732754,23.292474,15.083335,11.849802,11.433886,11.590380,11.976022,12.472199,11.144417,12.565846,15.326975,19.891934,33.086824,38.920925,42.810359,43.688613,41.435693,36.687565,24.514022,19.292979,12.432874,10.044854,6.351395,4.481087,3.258836,3.223249,1.417224,5.224609,13.576695,26.029201,28.127927,40.134570,42.762115,40.881219,48.084165,50.029866,39.287562,17.836082,10.147048,4.262247,0.396631,0.132135,1.128928,0.572154,3.882406,9.007493,22.011766,40.796934,47.537164,35.884357,39.914638,34.923821,39.194977,41.072858,14.917735,
78.740386,38.383551,17.829328,6.940711,2.268452,11.086154,24.158565,26.800125,44.795984,56.504449,57.863685,54.832661,45.102817,30.113521,29.304020,25.053629,13.589593,6.692363,17.338294,19.249041,17.522076,22.272757,26.687605,28.501570,25.813618,20.335155,16.006425,14.291208,13.689802,14.104592,9.252558,3.214078,4.065987,10.434008,20.383762,24.524663,25.493368,26.658435,25.903964,22.888192,20.467731,17.428408,12.860279,10.863005,10.596795,12.170847,14.251681,16.296858,16.796708,18.467534,20.211557,22.098868,29.610610,35.193846,37.392691,37.192804,35.416738,32.492300,27.771731,26.501895,24.860843,22.862927,20.427353,18.527480,16.644986,14.966987,13.765938,14.509788,18.887093,27.344689,31.042473,40.479682,44.818617,44.829795,44.685208,39.999611,29.631954,13.463542,8.179233,3.454234,0.296819,0.438607,1.254953,0.498978,3.264479,7.425064,18.115616,33.275569,43.264178,41.349431,47.651031,45.066541,42.240070,34.822660,16.012609,
79.205948,38.284549,17.176248,5.850688,3.698640,14.912423,30.522999,32.123741,53.814739,62.159283,52.726142,48.762232,49.622031,35.265248,39.552463,32.478755,16.007663,2.519700,12.057044,13.393393,7.797424,9.246328,13.558694,15.950654,14.395017,11.621860,10.420259,10.512588,10.549792,10.803365,7.894949,2.659394,2.148585,5.748638,12.469367,12.987658,11.892728,13.767346,13.918751,10.954703,8.170087,7.717401,4.244975,2.889662,1.956142,2.607569,4.199808,6.506128,7.083153,7.626199,8.619144,9.189185,13.969926,19.090280,21.989392,22.079887,21.819705,20.439988,17.698745,16.096743,14.352294,12.888375,11.634762,10.029120,8.363469,6.992629,6.360647,7.382241,11.291737,18.472847,22.696602,29.298778,31.824852,31.532965,30.153025,25.487669,18.870759,8.120215,6.033899,2.791346,1.246088,1.340898,1.814397,1.258025,2.710365,5.568321,12.564420,21.948824,30.929398,30.731859,36.797148,34.820296,30.979779,23.184115,16.962390,
79.607842,38.045640,16.462376,4.882043,5.063024,17.004773,32.555945,31.893645,54.478872,56.544919,26.005088,12.089027,38.305024,28.154246,41.136919,33.967418,17.679854,5.530194,8.476529,10.880531,4.144945,4.257865,9.992414,12.552251,10.879178,8.617915,7.539699,7.096732,7.352125,9.247166,6.843750,1.890967,1.768329,4.331576,9.299334,7.401645,2.960241,3.565130,3.753369,1.718722,0.721168,5.050446,3.154487,2.355791,0.885034,2.260518,3.660043,2.873200,3.059385,1.901176,3.055081,2.032437,4.113900,4.628031,5.605334,5.532344,7.704780,7.136858,5.110503,3.235222,2.625866,1.785637,2.397486,1.229539,0.662840,0.561895,1.159301,1.165627,3.942351,7.175581,8.135517,13.206772,13.626164,12.843744,12.917916,11.540156,10.045732,4.431637,5.109961,3.826495,3.373343,3.248854,3.457031,3.288858,3.542457,4.579004,7.984570,12.153361,17.998840,15.763470,21.269338,19.737016,17.656213,13.384717,19.772681,
80.479625,37.380198,15.613498,3.779665,7.431392,22.431047,33.229783,32.445849,49.727494,50.589871,30.812663,33.844405,44.522121,30.919883,35.429408,28.755118,17.767211,11.066587,7.625669,7.277240,3.871594,4.687922,9.980689,11.810553,9.007279,5.665790,4.588614,5.462598,6.580716,8.890409,6.273872,1.793047,2.305962,5.532566,8.024182,5.562811,1.001871,0.086514,1.429998,2.481290,2.578370,4.977693,6.306943,6.030345,5.365914,5.318341,5.921315,5.678312,5.945572,7.365116,7.412168,6.043527,5.477005,4.038543,2.942482,1.946583,5.371380,7.060114,7.496455,6.827136,6.708148,6.609900,7.291607,8.455935,8.876496,8.696328,8.951814,8.814210,7.891743,7.113840,5.441013,6.334690,5.589816,5.061672,5.086029,5.521794,6.796355,6.615511,7.875860,8.561520,8.059998,7.210479,7.313232,7.871714,7.819119,7.126853,6.195557,6.411883,11.264372,11.830963,16.172779,16.811827,15.008814,11.829076,23.445000,
81.058419,36.607796,14.795302,2.910324,9.951657,26.100373,31.691085,28.799637,36.435654,41.459102,46.830805,51.237632,45.119489,30.069126,24.219470,19.658377,13.897215,7.292713,1.317074,3.244272,1.992861,3.819861,9.072155,10.856800,8.012064,4.532122,3.828055,5.675563,7.009775,8.821553,6.400380,2.687391,2.569620,6.370553,7.016074,4.418807,1.570013,1.479389,2.375084,2.904228,3.064036,3.670465,4.175238,4.393781,4.561379,4.460194,4.649930,5.012256,5.516036,6.053902,5.863320,5.150912,4.387716,3.548791,3.205456,3.089670,3.862467,4.819253,5.306712,5.422004,5.703509,6.528758,7.455413,7.970260,8.124749,8.083850,8.167461,8.081768,7.571288,6.580803,5.203550,4.095556,2.170379,1.243443,2.854923,4.373518,5.407194,6.575939,7.749459,8.268927,8.366058,8.214859,8.197452,8.197789,7.774706,6.416654,4.482754,3.035821,3.452597,3.898693,5.656079,5.970396,6.180953,9.364887,25.517022,
80.674122,36.382113,14.333590,2.305074,12.460444,28.163314,31.145213,22.772958,21.520371,25.867118,35.859732,36.158309,26.713294,16.545720,11.839687,12.488217,13.864040,8.951866,1.845032,3.228961,1.578018,3.767573,9.085204,10.617861,7.441945,3.368248,2.806154,5.313588,7.679917,10.429196,7.535936,3.773836,2.376492,6.790613,7.182746,4.505060,2.250101,2.377909,2.974909,2.809816,2.642425,2.858675,2.986876,3.229387,3.582104,3.545674,3.650806,4.261356,4.891142,5.159369,4.965640,4.257586,3.492785,3.209076,3.239407,3.088535,3.005422,3.472790,4.144438,4.644416,4.898996,5.728551,6.288055,6.306008,6.101142,5.933828,6.118130,6.340936,6.361934,5.984757,5.187238,4.330770,3.485821,3.218607,3.753111,4.653627,5.322873,5.742314,6.302021,6.524353,6.490182,6.534167,6.612059,6.436441,6.008429,5.284974,4.259361,3.488815,2.912925,2.894815,3.447359,4.107714,5.314870,9.350546,26.002940,
80.287671,36.327238,14.071881,1.505594,14.779122,29.862646,27.832663,16.491742,12.473299,10.477517,14.943753,11.163974,8.093375,6.185219,5.373612,11.046458,16.818136,11.554108,4.495053,4.668574,0.785676,3.594777,9.373973,10.729707,6.991424,2.059807,2.050440,4.451491,7.715628,12.265885,9.185097,5.091344,1.944412,7.270570,7.838988,4.971497,2.732534,2.729794,2.394398,1.773370,1.564668,1.659374,1.492449,1.986554,2.373151,2.124737,2.390827,2.972120,3.409938,3.620701,3.420493,2.931759,2.287067,2.024733,2.096670,1.955143,1.673726,1.933692,2.640776,3.295466,3.593000,3.914337,3.610603,3.300631,2.958239,2.852123,2.955880,3.288090,3.593252,3.815164,3.736498,3.195668,2.609376,2.376257,2.646979,3.236684,3.623147,3.457963,3.145836,3.182491,3.130992,2.931457,2.883466,2.957060,2.968042,3.356435,3.130798,2.826812,2.569119,2.801542,3.333383,4.264551,5.509627,9.115272,25.916827,
80.184911,36.375359,13.566358,2.077056,16.728903,30.346851,23.266718,11.505512,8.849891,4.872487,8.977501,3.027732,5.077613,4.773377,7.254150,16.491976,21.440133,12.724152,8.767043,7.607618,1.852630,4.619310,10.138077,11.131487,6.740993,0.995631,1.949804,2.826988,6.433420,13.415251,10.755424,6.303195,1.347842,7.764931,8.710038,5.283294,2.562010,2.143292,1.445035,0.604070,0.715264,1.063981,0.214120,1.407265,1.795380,1.453355,1.848852,1.928516,1.678968,1.545516,1.672595,1.886373,1.761231,1.384607,1.159963,0.870471,0.531164,0.708700,1.122380,1.731681,2.217201,2.590994,2.271915,1.903759,1.557571,1.460397,1.540104,1.884561,2.185085,2.234932,1.916171,1.432117,1.072867,0.985588,1.190733,1.675945,2.039958,2.180015,1.890450,1.870552,1.810126,1.687102,1.591608,1.529301,1.704245,2.246346,2.137522,1.927015,1.783418,2.236576,3.155850,4.196119,5.469927,9.021069,25.656246,
80.126254,36.138038,12.747971,3.715659,18.396722,27.907629,20.378287,8.589011,7.699871,6.013469,8.028008,3.645662,4.274371,4.165842,10.723401,20.446715,20.824784,9.207251,12.791827,10.138672,0.552937,5.151068,10.961857,11.803663,6.742038,1.103026,3.166286,2.064761,4.898245,13.898296,11.917924,7.337044,0.802436,8.224106,9.526246,5.507131,2.343176,1.587046,0.836629,0.156146,0.899751,1.079003,0.375744,1.855323,1.967867,1.416410,1.479992,1.288955,0.816529,0.473404,0.810993,1.271984,1.436099,1.250566,0.697160,0.526471,0.434554,0.457818,0.668105,1.246232,1.666279,2.002690,1.517985,1.258501,0.968317,0.866715,0.928236,1.261390,1.422439,1.298716,1.097189,0.905838,0.818542,0.447038,0.317160,0.586712,1.041811,1.682941,1.939776,2.180624,2.173132,2.028766,2.014821,2.025217,1.969127,2.085881,2.048043,1.780322,1.677233,2.291419,3.279928,4.185537,5.427816,8.981921,25.292211,
79.742961,35.380954,12.126474,6.611362,19.123584,21.997818,17.930047,10.650227,14.189879,15.306323,13.594535,11.292520,11.989488,14.037120,19.943737,25.166942,19.238164,8.913662,16.013202,11.697363,1.181314,5.141885,11.563303,12.581231,6.851248,1.432191,4.300742,2.646297,3.576600,13.900795,12.716494,8.073189,0.552338,8.501242,10.144171,5.700914,1.987534,1.269935,0.784636,0.580896,1.112808,0.948723,0.779995,2.343372,2.364075,1.973081,1.654328,1.225732,0.665501,0.434307,0.767415,1.338185,1.763422,1.862050,1.030598,0.686704,0.530388,0.776801,0.971646,1.321367,1.374210,1.055794,0.338050,0.766716,0.430040,0.409428,0.520321,0.980869,0.704322,0.551365,0.962540,1.254071,1.043439,0.535903,0.287108,0.462201,0.695209,1.258673,1.552283,1.699950,1.682153,1.500916,1.516992,1.677772,1.857326,2.069169,2.087491,2.115764,2.032578,2.333686,3.259317,4.128708,5.336904,8.872683,24.733383,
78.535470,34.475210,11.840886,8.700966,17.534919,14.009351,14.462935,17.635847,22.950040,24.350327,22.573405,22.113068,24.346453,26.859703,29.047368,27.403711,16.901301,12.343752,19.079309,13.226953,2.471155,6.175406,12.197311,13.174298,6.733499,1.284319,4.910965,3.527817,2.984708,13.781363,13.421191,8.179840,0.511496,8.499663,10.547784,5.667260,1.772603,0.849212,0.428120,0.715222,1.252128,0.716418,1.051206,2.427452,2.434693,1.821886,0.735374,0.495394,0.265433,0.233056,0.649813,0.922176,1.120904,1.833278,0.852495,0.578668,0.625380,0.867780,0.858110,1.178948,0.762754,0.682844,0.877859,1.061000,0.858489,0.944481,1.106973,1.548551,1.443926,1.291468,0.606724,1.250474,1.255571,0.846151,0.411787,0.434960,0.186582,0.340590,0.850679,1.056150,1.046739,0.815305,0.792124,0.735831,0.842723,1.468889,1.720438,1.662087,1.566468,2.077380,3.135985,3.998561,5.131582,8.428308,24.253798,
75.589625,33.862856,13.026973,10.465089,13.410254,7.155735,15.423365,22.487397,24.219386,25.529468,25.924192,25.965002,25.816100,25.242004,23.638647,18.172717,8.883320,15.026292,21.846830,14.518358,2.532287,8.307922,12.548788,14.134656,5.272907,2.116251,4.455790,4.948057,3.437643,14.213636,14.953758,6.760988,1.010372,7.925155,11.284869,5.135220,1.598626,0.531376,0.694137,1.343898,1.377041,0.574912,1.079895,2.195414,2.403539,2.463020,1.786490,1.282430,0.659887,0.326415,0.665858,0.545560,0.613368,1.745104,0.717259,0.349299,0.396385,0.574649,0.650869,0.884256,0.630057,1.097540,0.476913,1.067550,1.623141,1.508919,0.665030,0.824542,1.228998,1.870043,0.323077,0.941786,1.201909,1.039521,0.419214,0.598665,1.063273,1.083643,0.879070,0.673691,0.647393,0.655142,0.695151,0.670793,0.574938,0.687624,1.080654,1.101173,0.924244,1.490927,2.494795,3.553561,4.749868,7.897125,23.917977,
70.794874,32.225724,14.520154,6.723553,6.782695,14.647081,20.009506,21.463332,19.772457,18.754496,18.977647,19.472964,19.467674,17.545627,14.168197,9.387391,6.963150,18.266785,23.320709,14.413069,1.354339,9.318934,12.383771,14.747777,3.282886,2.495687,3.736143,6.454623,3.928993,15.208422,16.519546,5.144539,0.267158,7.207941,11.959989,4.625171,1.475228,0.298490,0.442192,1.022601,0.895039,0.561615,1.079907,1.603694,1.462124,1.479010,0.843343,0.601038,0.667913,0.466402,0.683684,0.229587,0.342792,1.354081,0.636537,0.269075,0.357251,0.596139,0.895774,1.326635,1.425603,1.091603,0.839747,0.577186,0.610867,1.279165,0.959437,0.527502,1.058401,2.246195,0.742385,1.049576,1.500157,1.570884,1.240363,0.978946,0.774422,0.618123,0.657507,0.834106,1.005485,1.113188,1.154950,1.142949,1.069595,0.900754,0.971900,0.895629,0.495262,1.202705,2.177269,3.386312,4.636078,7.746846,23.659153,
66.471646,28.763941,13.833857,9.111214,13.050257,19.302650,17.197464,14.348709,11.019765,9.556659,9.982759,10.550041,10.561388,9.893405,8.162856,5.280193,9.409074,20.552123,23.471612,13.350402,0.548047,9.099090,12.096303,14.724054,2.905792,2.674070,4.127000,7.350350,3.814884,16.116202,17.420608,5.489043,0.412304,6.871691,12.225068,4.759944,1.529461,0.444144,0.524085,0.899892,0.958736,1.021132,1.072107,1.246749,1.233806,1.131848,0.603633,0.492733,0.767454,0.537081,0.708854,0.213424,0.274478,1.023747,0.875367,0.711586,0.296391,0.554260,1.145238,1.522092,1.566332,1.207187,1.331097,0.780223,0.277706,1.339227,1.150039,0.414243,1.078273,2.567269,0.634176,0.438110,0.849992,1.188596,1.184558,1.141444,1.077668,0.971642,1.086588,1.160893,1.230370,1.280755,1.304783,1.301862,1.258431,1.136866,1.000141,0.908120,0.432784,0.996814,1.997903,3.182284,4.619441,7.886038,23.677812,
64.933743,28.439549,17.851999,17.657633,16.759758,14.772957,9.917992,7.022924,5.253671,4.172738,3.945882,4.129082,4.224934,3.984891,3.366775,4.463322,11.324535,21.555003,23.128718,12.267423,1.623541,9.338374,11.844465,14.023390,2.066909,3.830208,5.247284,7.873913,4.029616,16.888096,18.075180,5.962049,0.684314,6.646767,12.392251,4.953714,1.621305,0.627345,0.643000,1.117736,1.323681,1.421753,1.353964,1.268700,1.001111,0.943255,0.519702,0.481556,0.805289,0.571453,0.741993,0.284613,0.240319,0.736666,0.995487,1.154810,0.897200,0.761720,0.934266,0.918509,1.060680,1.581130,1.658737,0.941585,0.180464,1.369625,1.227307,0.339522,1.001924,2.453727,0.997522,0.735395,0.750269,0.910043,0.698579,0.504665,0.603363,0.192832,0.067073,0.057179,0.057675,0.068007,0.085340,0.117778,0.221874,0.582592,0.997208,1.038426,0.570370,0.728660,1.880127,3.092647,4.634384,8.111491,23.767723,
65.701876,31.454963,21.935388,19.531430,13.169974,7.523727,5.594822,3.849630,2.670072,2.637758,2.961846,2.799530,2.182905,1.706619,1.831859,4.524736,11.695135,21.745475,22.836070,11.830546,2.538742,10.189214,11.812588,12.577310,1.718782,6.744914,7.655843,8.432652,5.947735,18.442894,18.506769,5.890421,0.726131,6.727131,12.404595,4.933256,1.661420,0.800977,0.718093,1.265444,1.729741,1.852734,1.724276,1.249796,0.686880,0.764518,0.449927,0.459200,0.806574,0.583212,0.770478,0.359728,0.296024,0.647136,0.955851,1.301062,1.407281,1.385171,0.995697,0.354217,0.132606,1.725691,1.783765,1.005146,0.154976,1.380704,1.267624,0.258930,0.816025,1.976429,1.296973,1.076212,1.025408,0.931957,0.602773,0.430065,0.425968,0.189227,0.091594,0.048679,0.025473,0.019529,0.037888,0.076624,0.177753,0.480641,1.111189,1.316938,0.793453,0.378693,1.666961,2.985701,4.678232,8.363570,23.874189,
68.360910,35.075747,23.449891,17.331532,9.444917,4.682607,3.499024,2.420905,1.334285,1.017374,1.054643,0.970098,0.914413,1.870995,1.823793,4.136563,11.221607,21.413050,22.515290,11.481020,3.408224,11.838394,12.183112,10.851556,4.901082,10.227904,9.285184,7.689916,8.531157,20.660828,18.420332,5.294745,0.728721,7.130093,12.246962,4.551237,1.585483,0.941699,1.053986,1.337490,1.435500,1.501217,1.406270,1.196560,0.725595,0.617838,0.388252,0.421898,0.781677,0.571890,0.779949,0.413456,0.395100,0.790217,0.674316,1.060814,1.481132,1.779418,1.669268,1.286953,1.062315,1.574038,1.696485,0.980849,0.160638,1.378384,1.282732,0.192951,0.597618,1.302138,0.770043,0.518963,0.398745,0.253474,0.249478,0.279152,0.325563,0.346665,0.138321,0.082633,0.058370,0.036609,0.019954,0.038295,0.110501,0.385958,0.980638,1.415096,1.073821,0.398155,1.461297,2.725476,4.625233,8.586009,23.978779,
71.996523,37.064436,22.339151,13.776334,6.867545,3.997408,2.592120,1.864701,1.035496,0.569549,0.084268,0.459010,0.898001,1.723990,1.979103,4.035546,11.107985,21.055184,22.009731,10.457125,4.394650,14.587944,13.574211,10.196279,9.516436,13.376344,7.843522,3.415280,11.137360,22.150345,17.586264,4.447241,1.486886,7.607666,12.010938,4.096683,1.421864,1.035553,1.189502,1.252730,1.197630,1.212500,1.136308,1.051836,0.745238,0.551337,0.384065,0.385106,0.722386,0.523547,0.749685,0.434883,0.486474,0.955552,0.343861,0.726001,1.083404,1.432295,1.489227,1.403183,1.314026,1.111682,1.455501,0.894814,0.166837,1.339787,1.255785,0.272364,0.589574,1.233613,0.780274,0.682797,0.767204,0.851412,0.858438,0.817088,0.789033,0.903136,0.948041,0.943756,0.970950,1.041061,1.107485,1.129101,1.091868,0.959291,1.131068,1.466380,1.093755,0.428024,1.271279,2.520632,4.458701,8.757218,24.080511,
73.864126,37.050214,20.370536,11.456290,6.103387,4.041835,2.416065,1.323547,0.829007,0.872383,0.683423,0.712718,0.753072,0.965287,2.029812,4.472324,11.536196,20.958566,21.456652,9.306795,5.621251,17.497929,14.581214,9.586725,13.087800,16.741258,8.251665,2.882963,13.467394,22.200012,15.934856,3.571696,2.398540,7.933189,11.591093,3.551096,1.176679,1.302028,1.312310,1.420182,1.175274,0.924136,1.094460,1.221674,0.982722,0.829151,0.599007,0.452412,0.606657,0.409166,0.649646,0.481696,0.653342,1.152515,0.373130,0.426443,0.700828,0.829151,0.949525,0.864002,0.652438,0.515722,1.179589,0.769227,0.134653,1.193660,1.165376,0.572234,0.814660,1.581975,1.143752,1.144036,1.218989,1.214728,1.083258,0.869176,0.647204,0.481874,0.400504,0.289966,0.358866,0.583817,0.736057,0.763190,0.671739,0.480337,0.922360,1.457159,1.167031,0.670098,1.099708,2.186672,4.292881,8.818549,24.224626,
72.137086,35.473784,21.744150,16.365405,11.059518,7.015306,3.313596,1.360369,0.777284,0.637477,0.246576,0.338864,0.501830,1.061885,1.924142,4.424800,11.578586,20.944003,21.109379,8.679896,6.596111,19.207988,16.510122,7.771846,12.915834,19.344629,12.716324,8.925040,13.526363,21.622523,13.304368,3.038550,3.558094,8.570836,10.191367,3.748139,1.426744,1.742418,1.462309,1.252707,0.658565,0.134764,0.545889,1.086893,1.287332,1.324040,1.221334,0.943946,0.520272,0.216539,0.537581,0.900370,1.235945,1.652063,1.268179,1.224021,1.318525,1.179913,1.201047,1.007681,0.641762,0.605706,0.881588,0.563206,0.246926,0.785787,1.204385,1.322891,1.312436,1.590525,1.172117,1.355961,1.503584,1.460391,1.209509,0.963095,1.023684,0.976267,1.225735,1.473889,1.445957,1.136118,0.515975,0.198478,0.449143,0.375466,0.604529,1.198070,1.438149,1.350114,1.239480,1.854972,4.000555,8.407714,24.652095,
68.552026,31.235039,19.375089,17.637371,14.278423,10.660348,5.436630,2.853181,1.464901,0.812597,0.633563,0.402600,0.803538,1.529934,2.014982,4.478207,11.409626,21.292166,21.258298,8.389541,7.036963,19.960674,18.862506,5.227701,8.996447,17.140843,10.989897,8.472798,11.460678,20.282068,10.638815,2.654714,4.563426,8.941414,8.716454,4.174486,1.701495,1.764234,0.963400,0.636373,0.351335,0.146342,0.245618,0.439871,0.558783,0.613866,0.615526,0.674785,0.352327,0.158223,0.317458,0.557995,0.689604,1.261269,0.791125,0.916406,0.971866,0.812950,0.852263,0.533299,0.461148,1.039245,0.600757,0.349723,0.108715,0.225845,0.432603,0.570559,0.678034,1.025868,0.837477,0.806774,0.825753,1.225375,1.361195,1.186125,0.994470,0.511084,0.825514,0.684932,0.862420,1.301249,0.745350,0.280802,0.434804,0.187395,0.226629,0.553842,0.859191,0.573000,0.469354,1.492105,3.609184,7.906811,25.045063,
66.260523,27.529090,15.682533,16.297477,15.865024,14.900189,8.697425,5.287139,3.114197,1.569870,1.156676,0.924958,0.247854,0.879054,1.833897,4.778801,11.371444,21.824797,21.628010,8.109142,7.303383,19.823409,20.575966,6.146299,6.599645,15.321663,11.270545,10.136071,10.335698,17.797034,8.928697,2.039601,5.102759,9.096986,8.307477,4.219595,1.764373,1.778455,0.835729,0.436069,0.226828,0.112912,0.123566,0.202612,0.288893,0.384388,0.482552,0.709335,0.652506,0.389472,0.606140,0.615375,0.582050,1.159007,0.718003,0.763016,0.703902,0.821001,0.752341,0.461910,0.553495,1.231275,0.664494,0.418459,0.216018,0.128484,0.242490,0.387063,0.484892,0.793582,0.602468,1.482705,2.145032,2.316547,1.877097,1.055145,0.611861,0.751365,0.870705,0.499221,0.783264,1.414543,0.832157,0.277950,0.437851,0.225860,0.081406,0.332817,0.679080,0.322257,0.197086,1.339574,3.456631,7.777260,25.117050,
66.806390,26.762626,11.842007,10.245341,13.239811,18.266506,13.596575,10.111160,6.318450,3.389282,1.696299,1.462019,1.194986,0.841985,1.579181,4.657897,11.029603,21.929698,21.864065,8.316652,6.781121,18.545868,22.088419,8.072806,3.529396,12.323694,10.541044,10.970301,8.765298,14.565397,7.335632,1.412443,5.324637,9.264147,8.167380,4.314288,1.681116,1.702260,0.764154,0.359133,0.174198,0.089992,0.078840,0.126378,0.236682,0.504681,0.633792,0.790277,0.877131,0.619165,0.830241,0.716688,0.757004,1.251766,0.695090,0.586307,0.759769,0.772020,0.601348,0.638999,0.825725,1.438626,0.953202,0.754649,0.417099,0.263894,0.346275,0.571692,0.540927,0.479338,1.027966,1.810056,2.171649,2.097113,1.532123,0.987402,0.276320,1.033131,0.990832,0.510417,0.773253,1.452628,0.863983,0.264788,0.429067,0.254676,0.030471,0.260288,0.629412,0.264600,0.109400,1.279424,3.397737,7.736065,25.128147,
70.480749,30.046066,13.000945,6.041700,6.386050,16.708786,17.865767,16.923445,12.872434,7.601249,3.743587,1.632654,1.147838,1.129688,1.200804,4.363313,10.603604,21.402390,22.238319,9.802307,5.611295,17.541477,23.577046,10.905236,2.075993,8.123240,8.299012,10.254868,6.078550,11.269525,6.048236,0.752433,5.544748,9.263952,8.273228,4.336447,1.601517,1.500875,0.671615,0.306844,0.145022,0.078174,0.070371,0.120751,0.253336,0.529401,0.391074,0.858774,1.057795,0.856116,1.024304,0.786704,0.472918,1.100651,0.591208,0.649231,0.715256,0.609597,0.698592,0.617095,0.632261,1.364206,0.909559,0.900876,0.757634,0.462789,0.626312,0.587811,0.253758,0.386444,1.377804,1.903512,1.461818,1.038377,1.184643,1.303719,0.590915,1.310574,1.109242,0.558620,0.757267,1.456229,0.873499,0.254657,0.418667,0.269804,0.026296,0.241034,0.619546,0.259079,0.090664,1.254001,3.372722,7.719351,25.129488,
75.041208,33.019535,12.881783,9.908172,7.706399,9.087054,16.286400,20.136593,19.760813,14.619769,7.877308,3.350297,0.828313,1.313289,0.985135,3.898179,9.891416,20.157050,23.003023,12.732261,3.018260,16.085303,24.676777,14.157922,5.219383,3.941368,5.283932,9.331317,2.671484,9.000045,5.177815,0.531138,5.681745,9.314637,8.282421,4.316602,1.474314,1.218687,0.561559,0.257115,0.122451,0.073976,0.079957,0.150902,0.342008,0.789974,0.503952,0.898721,1.282953,1.344704,1.253534,0.862674,0.571717,1.157511,0.752642,0.598649,0.528012,0.678669,0.653127,0.465102,0.632888,1.428511,1.073281,1.049433,0.996107,0.648759,0.815303,0.597693,0.366694,0.822151,1.558035,1.802610,0.867234,0.399045,1.314859,1.642687,0.716441,1.490585,1.199411,0.613180,0.725861,1.436563,0.871974,0.241291,0.402485,0.283117,0.047743,0.248022,0.629139,0.270137,0.093717,1.239675,3.356310,7.706121,25.131937,
78.178969,34.363112,11.268655,11.025109,13.991077,8.695997,8.172957,15.907082,21.469451,21.056761,14.227481,6.631858,2.538201,1.289237,0.866792,2.981740,8.268683,17.919447,23.773013,17.268919,5.593726,10.929770,24.038789,16.494833,8.813375,1.507485,3.367797,9.408341,0.444259,8.448697,4.880844,0.363821,5.656067,9.402283,8.186830,4.323707,1.248118,1.053451,0.474316,0.215997,0.113808,0.095416,0.116177,0.198743,0.435607,0.991135,0.435114,0.887406,1.360409,1.744412,1.373218,0.899540,0.430928,0.960471,0.456213,0.305042,0.531832,0.575264,0.438379,0.487227,0.481334,1.254150,0.960717,1.197373,1.165373,0.787989,0.923923,0.614217,0.275345,1.334077,1.541754,1.327019,0.825943,1.080980,1.673038,1.641292,0.569195,1.580971,1.259323,0.693743,0.663360,1.376003,0.861260,0.204485,0.363816,0.318090,0.115895,0.290448,0.663754,0.302658,0.116864,1.229452,3.332664,7.675656,25.141619,
79.543998,35.387332,11.724974,8.056849,15.038739,16.474968,7.192862,7.825342,16.843455,21.975189,18.827088,10.907623,5.082290,2.233033,1.110203,1.701876,5.683448,13.679257,22.435623,19.913289,10.863006,5.216653,21.243782,17.178966,11.352922,1.559666,3.466162,9.492479,0.873206,8.777082,4.959853,0.364103,5.783066,9.340074,8.230324,4.168869,1.241214,0.860497,0.394650,0.204769,0.166748,0.193827,0.232536,0.308422,0.560794,1.259627,0.238220,0.865042,1.391671,1.850391,1.518570,1.115383,0.400411,0.907334,0.395967,0.148868,0.407352,0.332008,0.474391,0.346246,0.201602,1.068875,1.024448,1.377632,1.353021,0.949095,0.973234,0.566175,0.523541,1.819857,1.305807,0.721939,0.504997,1.155606,1.593526,1.273509,0.511925,1.555994,1.326511,0.907772,0.566895,1.202183,0.842367,0.119474,0.299215,0.462438,0.310332,0.423505,0.748591,0.394440,0.199880,1.240793,3.281743,7.564258,25.178114,
80.253336,36.048329,12.501527,4.464558,12.709639,21.006105,11.863563,3.251943,10.362016,18.836820,19.434167,14.436457,8.109427,3.981672,1.972964,1.243362,3.143354,8.997084,18.553688,18.429449,12.000729,6.369251,16.283123,17.253749,12.145605,1.979936,4.849809,7.765825,0.779223,8.607936,4.782938,0.454525,5.806603,9.332973,8.149135,3.912529,1.160152,0.737088,0.429324,0.322817,0.354487,0.449111,0.536801,0.620263,0.835048,1.564875,0.348291,0.643513,1.346298,1.847321,1.827909,1.616967,1.097954,0.614368,0.465801,0.205026,0.389970,0.693292,0.923917,0.721260,0.462456,0.911975,1.559718,1.882145,1.757784,1.334212,0.984078,0.391768,0.823677,2.488711,1.519239,0.939114,0.666609,1.075084,1.148425,0.900321,0.149586,1.226959,1.686359,1.629055,0.968752,0.755337,0.928185,0.532869,0.664034,0.995926,0.853184,0.798115,0.920397,0.681415,0.463963,1.388903,3.174136,7.115378,25.340205,
80.493828,36.652064,13.394032,3.415995,10.014236,22.179567,17.033207,9.888752,5.449308,14.415309,19.579286,18.854300,12.788769,6.888362,3.682335,1.572359,1.515458,6.530352,15.217094,18.352364,17.351188,13.907009,10.424193,14.654326,12.966595,5.995501,4.171940,5.432781,4.316424,7.783969,3.744815,1.551120,6.185812,9.030643,7.466900,3.667997,1.266508,0.965679,0.605190,0.494307,0.400296,0.327007,0.159561,0.300359,0.670123,1.531653,0.703090,0.257450,0.988763,1.395289,1.501886,1.409258,1.076917,0.469009,0.589486,0.546954,0.506105,0.282575,0.619811,0.472652,0.592640,0.344067,0.999847,1.714734,1.654926,1.401111,1.033478,0.766221,1.083977,2.319905,0.729235,0.426436,0.740737,0.942177,1.101086,1.105700,0.802523,0.471207,0.771078,0.921832,0.833266,0.509515,0.677773,0.809792,0.769954,0.582075,0.659522,0.998265,1.085543,0.856837,0.259363,1.465042,3.048111,6.589812,25.473482,
80.163840,37.666500,14.601398,4.550576,8.044153,19.240864,20.842918,18.330526,10.373803,6.292210,15.832053,21.844873,19.152649,12.083793,8.864734,4.493112,1.181866,3.853711,10.101942,14.932215,17.562036,18.092704,9.664433,7.737431,11.620399,9.580261,3.814644,3.340452,5.505708,6.577267,2.252297,3.693851,6.862501,7.835858,6.107324,3.365324,1.805226,1.487870,0.750450,0.563040,0.498169,0.481286,0.365236,0.147762,0.550170,1.372329,0.797426,0.463774,0.683280,1.141660,1.386574,1.417144,1.257277,0.896990,0.324569,0.427011,0.369813,0.158771,0.478997,0.521554,0.469770,0.807491,1.525497,1.744897,1.427623,0.920764,0.734953,0.920413,1.123134,1.344706,0.917542,0.892267,0.612703,0.414386,0.824502,1.279952,1.433376,1.268652,0.809307,0.607845,0.491820,0.389055,0.769527,1.003010,0.758786,0.458722,0.694064,1.100136,1.171910,0.934322,0.243626,1.462638,2.990835,6.470817,25.507604,
79.701298,38.593584,15.999527,6.052359,5.478391,13.237075,18.747628,21.626104,19.607530,11.845145,6.352840,17.619398,22.733915,19.594867,16.671406,9.947114,4.064476,1.260993,4.391990,8.386809,12.034656,16.745798,13.877810,6.645553,5.819252,8.756315,6.805485,4.047044,4.524480,4.266888,3.187198,6.023050,7.043294,6.135453,4.354500,3.090141,2.369822,1.822049,0.496217,0.120001,0.370317,0.472958,0.518779,0.175717,0.467362,1.385596,0.688771,0.329353,0.307965,0.851622,1.344929,1.500442,1.467969,1.331583,0.840356,0.831114,0.836113,0.841428,0.892174,0.920835,0.978434,1.350854,1.459553,1.284615,1.034177,0.425570,0.534796,0.978982,0.922284,0.533029,0.671434,0.744182,0.507323,0.184645,0.589112,0.979039,1.209989,1.423807,0.865335,0.479332,0.369805,0.648568,0.809545,0.834276,0.487699,0.342559,0.739573,1.149023,1.212380,0.967076,0.255535,1.451425,2.967319,6.440901,25.517651,
79.363779,39.245481,17.063383,7.013319,2.975983,6.258091,10.907639,16.487116,21.463816,21.401367,12.418591,7.251575,17.178180,21.495820,23.581774,17.724045,8.334207,2.330957,1.488547,3.497355,6.675715,11.694976,14.743028,12.305371,6.301922,5.056028,6.956646,7.407930,5.644287,2.117389,4.951610,7.677756,6.684894,4.371938,2.835956,2.677284,2.671939,2.374159,1.551351,1.183329,1.012689,0.844312,0.610353,0.258179,0.299485,1.166062,0.824275,0.597106,0.189680,0.467053,1.089673,1.286167,1.263647,1.265753,1.338111,1.412762,1.496535,1.431575,1.514673,1.426876,1.370000,1.349255,1.086850,0.966728,0.718662,0.152933,0.511372,0.637551,0.333421,1.077861,0.476920,0.471561,0.570427,0.341293,0.588004,0.612499,0.839084,1.326802,1.175135,0.652071,0.758024,0.799168,0.791097,0.678036,0.347064,0.260068,0.775739,1.173851,1.230011,0.980707,0.265401,1.441046,2.954091,6.429729,25.521178,
79.417751,39.471241,17.461971,7.558061,2.312259,2.385822,4.226773,8.393131,15.128055,22.015644,20.876102,10.951918,7.489876,15.691997,24.641167,23.975875,14.095600,5.251666,2.378742,1.481157,3.195058,6.164708,10.871605,12.931675,10.527161,5.980328,4.776402,8.555882,7.218222,0.867382,5.708514,8.289735,6.633305,3.750874,2.258785,2.372353,2.797037,3.055594,2.746795,2.511085,2.071433,1.534594,0.965042,0.511941,0.458179,0.775894,0.804924,0.667487,0.433580,0.265821,0.923526,1.107286,1.026319,0.865525,0.727221,0.801368,0.923884,0.749205,0.942207,0.788494,0.619280,0.577169,0.543699,0.795483,0.425900,0.025708,0.549693,0.604928,0.193013,1.166708,0.333235,0.328439,0.583865,0.409460,0.650541,0.453820,0.173436,0.548461,1.047208,0.993563,1.259093,0.911915,0.566686,0.372307,0.214750,0.186027,0.804191,1.183856,1.232706,0.982850,0.272981,1.427131,2.936982,6.416603,25.524050,
79.764863,39.397629,17.363271,7.680129,2.576537,1.799539,2.338112,4.217884,8.853380,16.945209,22.540674,18.788149,8.848132,6.575012,20.273377,25.410290,18.358746,7.608815,2.980568,0.927832,1.045152,3.043684,6.135873,9.565513,10.769737,9.150050,6.083762,8.492244,7.149667,0.900672,5.609726,7.981906,6.823365,4.089761,2.310389,2.123828,2.853087,3.570221,3.734800,3.528518,2.985453,2.364957,1.596834,0.907316,0.694258,0.425451,0.749358,0.554724,0.541975,0.121942,0.752629,0.903947,0.882764,0.624824,0.117650,0.430571,0.659134,0.554831,0.809952,0.637576,0.479965,0.482755,0.640198,0.905627,0.616668,0.114658,0.436596,0.678608,0.469582,0.749790,0.245314,0.310299,0.398646,0.384717,0.644242,0.635210,0.539566,0.395079,0.971042,1.288827,1.590481,1.026840,0.644264,0.404739,0.156611,0.106289,0.827422,1.174046,1.215490,0.969287,0.283161,1.396907,2.897542,6.381132,25.534393,
80.152418,39.132435,16.981500,7.831854,3.042492,1.500777,2.069955,2.666806,5.336888,12.230618,20.979327,22.640691,14.483257,1.019210,16.280169,25.273662,21.198949,9.012526,3.334122,1.667604,1.120185,1.045841,2.525660,5.099426,7.603646,8.623353,6.970284,7.551356,5.715543,1.469269,5.327673,7.215833,6.537841,4.224010,2.808564,2.788355,3.299538,3.945699,4.314689,4.325870,3.856591,3.243739,2.563255,1.558741,1.170207,0.529732,0.686278,0.666125,0.604022,0.132345,0.507128,0.729798,0.859300,1.082787,0.363070,0.666888,1.018196,1.183785,1.265217,1.041975,0.859526,0.650646,0.682332,0.840951,0.703859,0.239549,0.131271,0.371533,0.285342,0.333172,0.131721,0.233886,0.426385,0.565397,0.616158,0.591064,0.655967,0.709504,0.952933,1.451154,1.666720,1.076722,0.404004,0.292775,0.166960,0.130934,0.849811,1.116391,1.157121,0.915967,0.316937,1.317726,2.797398,6.260865,25.587085,
80.603458,38.542045,16.575904,8.279263,3.763794,1.691550,1.552024,2.820722,4.152980,9.355437,18.618943,25.351557,19.732542,2.365792,13.222144,24.986215,22.650603,9.973121,3.939287,1.773632,1.351663,0.425136,0.977458,2.209176,3.898305,6.187554,6.866220,6.288686,3.651476,1.823159,5.867781,7.027787,5.346100,3.549844,4.626422,5.520701,5.442790,5.555214,5.929673,6.047399,5.713753,4.966169,4.019039,2.664458,1.794111,1.245334,0.627161,0.570416,0.525724,0.452094,0.457276,0.573034,0.673378,1.227585,0.529278,0.668056,1.284317,1.681367,1.563643,1.177797,0.753719,0.937633,0.793955,0.664460,0.570734,0.493910,0.465559,0.363667,0.195848,0.285677,0.612865,0.970703,1.271417,1.339918,1.139930,0.931359,0.488723,1.051875,1.634201,1.600089,1.457255,0.887079,0.497764,0.256285,0.359130,0.724699,0.940930,0.940545,1.023192,0.759050,0.499520,1.108539,2.575027,5.810163,25.863243,
80.537671,38.289445,16.910365,8.756952,4.099092,1.617396,0.643409,1.822604,3.555058,7.064868,15.042916,25.375204,22.746963,3.882361,10.179505,23.983858,23.471776,11.137134,5.716935,3.854000,3.075569,2.413382,1.480249,1.072152,2.362105,3.771788,4.408227,4.036540,2.697577,2.782684,5.965807,6.663495,4.767853,4.296884,4.774595,4.529769,4.232730,4.446896,5.069279,5.942690,6.850987,7.103005,6.246178,4.381542,2.473320,1.407494,0.650321,0.382549,0.249443,0.175381,0.206250,0.341666,0.578983,1.093140,0.954055,1.074623,1.035466,0.552789,0.338828,0.462111,0.669155,1.262675,0.610789,0.362972,0.247063,0.198442,0.178503,0.133924,0.201256,0.610826,0.744410,0.764341,0.556320,0.709284,0.988124,1.107948,0.731812,1.107867,0.933452,0.920013,1.007057,0.605619,0.574481,0.080982,0.344980,1.078470,0.689425,0.649832,0.880319,0.507795,0.336812,0.836373,2.344947,5.289090,26.122883,
79.069147,38.669989,18.756000,9.301336,3.891488,1.960169,0.659305,1.050276,3.003918,6.288801,14.014244,25.306173,23.523343,5.355317,7.108108,21.335578,23.095850,13.316241,9.411519,8.489233,7.533545,6.776693,5.495994,2.969593,0.992300,0.984457,1.533208,1.454287,1.462297,3.674139,5.038771,5.459777,4.130253,2.967171,1.863681,1.647427,1.972483,2.099602,1.318799,1.737301,3.876863,6.226928,7.378023,6.620568,4.296222,1.211502,0.672785,0.360065,0.184980,0.084825,0.124989,0.291309,0.622142,1.358122,1.212963,0.901152,0.668690,0.288336,0.638344,1.079961,1.214300,1.102301,0.464181,0.223533,0.126282,0.096229,0.098236,0.150193,0.344448,0.813417,0.757045,0.574774,0.220394,0.520281,0.861556,0.865249,0.480858,1.077285,0.796467,0.843025,0.734588,0.398933,0.468246,0.352511,0.413460,1.138246,0.627207,0.552604,0.809854,0.438605,0.321277,0.750356,2.243137,5.164812,26.174898,
76.468236,38.830466,21.201348,10.443643,3.898360,2.222618,1.170964,0.609578,2.462435,5.797253,13.165642,24.587102,23.663928,7.315715,3.790260,17.771479,21.959411,16.496998,15.382403,16.005424,15.878050,14.269123,11.361522,7.044781,2.990243,0.970843,0.330555,0.532834,1.582953,3.313855,4.084439,4.346711,3.366547,2.412898,4.424475,6.737763,7.740245,7.940109,7.052527,5.283680,2.119652,3.258760,6.849490,8.148098,6.102154,2.123794,0.973202,0.456238,0.204289,0.064817,0.095812,0.285004,0.684893,1.626815,1.027883,0.556656,0.490001,0.584329,0.943324,1.274724,1.191941,0.675218,0.282740,0.125709,0.069746,0.066918,0.100952,0.203871,0.459543,1.056356,0.671369,0.206022,0.241669,0.646966,0.702117,0.620116,0.451029,1.264769,0.917261,0.734482,0.395400,0.201471,0.214614,0.411950,0.607016,1.012365,0.551432,0.498314,0.774907,0.416638,0.323387,0.718656,2.202759,5.130199,26.186347,
73.968806,38.517693,22.785668,11.878668,4.438106,2.171704,1.396269,0.411011,2.120145,5.137094,11.858985,22.979591,23.774602,11.039561,3.708651,13.150159,19.916917,18.397131,18.749379,19.489162,19.404618,18.616404,16.545722,11.527123,5.156285,1.925916,0.938108,0.912105,1.842446,2.268747,3.335473,3.893531,4.180651,4.994136,6.677861,7.545102,6.673258,6.516875,6.774839,6.738729,4.688444,1.209192,5.356775,8.417233,7.154843,3.001414,1.335604,0.597722,0.255884,0.076269,0.073479,0.267388,0.678996,1.679937,0.879227,0.545906,0.458828,0.726704,1.087618,1.151269,0.907438,0.487863,0.149938,0.048635,0.033861,0.059849,0.117157,0.248301,0.543168,1.196894,0.390695,0.347698,0.626092,0.866504,0.610466,0.335740,0.449797,1.250519,0.701023,0.430558,0.218822,0.075599,0.123431,0.281073,0.434839,0.738022,0.446168,0.453949,0.756182,0.409543,0.328277,0.700458,2.181511,5.118455,26.192944,
73.486583,38.289880,22.591782,12.554170,5.101145,2.106318,1.303847,0.383136,1.926486,4.187483,10.032598,20.689144,23.301519,14.984629,9.528422,6.530905,15.221429,17.571205,19.103366,19.226472,18.598536,20.392512,21.629893,16.466089,7.692267,3.013393,1.270242,0.612102,1.786956,2.009296,3.140531,4.310683,5.276850,6.379720,6.819913,5.811294,2.822681,2.580021,4.519162,6.244965,5.860920,2.056854,3.873554,8.035350,7.635945,3.739904,1.669893,0.742991,0.318152,0.102196,0.049064,0.221818,0.574533,1.460162,1.277366,1.029599,0.821840,0.649263,0.763437,0.712770,0.610392,0.392521,0.101529,0.032935,0.038169,0.070837,0.141653,0.295853,0.631009,1.380501,0.305063,0.547280,0.672952,0.621916,0.207757,0.271250,0.835818,1.412932,0.807662,0.485074,0.232801,0.123645,0.236804,0.493050,0.540123,0.551059,0.346085,0.425042,0.753921,0.411161,0.337297,0.673998,2.152953,5.112837,26.209877,
75.856913,38.578823,20.789179,11.811650,5.289419,2.149860,0.995295,0.426481,1.901945,3.075753,7.895776,17.525968,21.631757,16.576491,16.495886,8.727995,14.240963,20.686662,23.303642,23.056765,21.605331,23.325635,26.866811,22.166744,11.275826,4.903375,2.660398,0.416275,1.671513,2.796425,3.409039,5.087243,6.327942,7.051153,6.512651,4.379472,1.572514,2.104533,3.700027,5.657480,6.251846,3.197194,2.779433,7.430860,7.618659,4.464474,1.979233,0.882897,0.385552,0.129626,0.031131,0.154197,0.364895,0.893666,1.250109,1.251579,0.863097,0.339164,0.441742,0.608431,0.619411,0.406546,0.138955,0.088822,0.101145,0.126793,0.196674,0.366045,0.725184,1.536341,0.225577,0.724104,0.789972,0.466704,0.261653,0.685485,0.965906,1.292044,0.531493,0.395509,0.438825,0.258761,0.456086,0.443343,0.236868,0.229403,0.287796,0.449858,0.789786,0.418888,0.347318,0.607660,2.075894,5.112540,26.269919,
78.871582,38.297606,18.356853,10.228645,5.148446,2.138483,0.705602,0.467682,1.879344,2.110945,6.198761,14.088448,19.073221,16.369192,22.563109,18.549120,18.745601,23.990035,25.747962,24.896381,22.899413,25.015714,29.594847,26.687440,15.364677,7.175846,4.224383,1.180271,1.541859,3.120235,3.662430,5.492297,6.809266,6.861893,5.689629,3.199201,0.935550,1.720942,3.080667,5.070934,6.241824,3.782661,1.904993,6.646279,7.366387,5.017761,2.221939,1.013375,0.473144,0.153840,0.072403,0.152689,0.145300,0.355842,0.708670,1.013206,0.932746,0.502655,0.158527,0.536729,0.669917,0.591589,0.131557,0.173542,0.253915,0.295884,0.350594,0.515475,0.853120,1.708412,0.442952,0.910875,0.914240,0.730179,0.707311,0.928700,0.981005,1.070973,0.357530,0.112758,0.466590,0.327948,0.541829,0.313591,0.291681,0.380242,0.494138,0.653317,0.940015,0.407762,0.324623,0.429433,1.839676,5.153084,26.496867,
79.687062,38.479690,17.489896,9.443798,4.752493,1.995260,0.589935,0.526061,1.593954,1.559296,4.819524,10.964722,16.629854,17.506229,27.720882,29.371877,26.270812,24.444188,22.235384,19.188038,16.314933,22.126177,28.131904,29.230384,19.335067,8.758673,4.863650,1.248251,2.308371,2.878312,3.442722,5.097304,6.653339,6.913809,6.321251,4.258923,2.249008,2.032099,3.450459,5.442703,6.292092,3.500785,1.999079,6.519477,7.123814,4.787222,2.358748,1.152352,0.678809,0.255385,0.308693,0.449852,0.479491,0.487546,0.534997,0.865041,0.852238,0.558338,0.244423,0.325612,0.501345,1.014026,0.157621,0.517039,0.678508,0.766179,0.786808,0.927335,1.051271,1.536234,0.257836,0.746002,1.225301,1.572180,1.594144,1.309644,0.928201,0.596372,0.232970,0.210684,0.335232,0.306337,0.572476,0.669151,0.750535,1.018672,1.220015,1.356151,1.488007,0.294469,0.532187,0.607606,1.473998,5.520093,27.404789,
79.311593,39.075378,17.804267,9.269449,4.280702,1.838733,0.569486,0.457142,1.221413,1.302757,3.846068,8.369332,13.543103,17.566268,29.332237,34.745962,26.395168,8.897297,8.107848,12.742707,12.725024,18.616918,23.756084,29.230311,22.772144,10.857394,5.147652,1.166262,2.393480,2.524467,2.898602,3.798681,5.483011,6.367639,6.858597,5.950275,4.818355,5.039538,6.257754,7.123187,6.228847,2.602710,3.329276,6.664456,6.498279,4.424028,2.284912,1.359705,0.808510,0.359861,0.559746,0.494111,0.392336,0.522065,0.280666,0.775087,1.126672,1.257704,1.041823,0.733650,0.322510,1.082354,0.655587,0.598257,0.286235,0.238699,0.506185,1.012501,1.210688,1.543951,0.783336,0.423550,0.221817,0.083028,0.093494,0.226933,0.398791,0.623999,0.801300,0.862561,0.830172,0.749903,0.668438,0.609758,0.684185,1.155890,1.270519,1.564615,1.854056,0.484883,0.736841,0.810873,0.549996,5.030439,28.298365,
79.442598,39.219193,17.746650,8.851919,4.152520,1.788114,0.739405,0.434760,1.193164,1.168275,3.596448,8.439991,13.702616,18.810184,29.576245,32.158030,22.588426,16.248209,19.166243,18.286326,15.172931,14.641772,19.268313,28.344889,25.208954,12.375337,5.027715,1.415771,2.103258,3.965910,3.171541,3.006739,3.486562,4.126891,4.969256,4.971178,4.927843,5.626656,6.464591,6.260897,3.948859,1.757507,5.282578,6.757505,5.561727,3.750042,2.228366,1.980743,1.544464,1.134406,1.089868,1.008928,1.071556,1.293720,1.206578,0.623409,0.399710,0.846553,0.963580,0.922526,0.783169,1.002878,0.779661,0.416728,0.427285,0.557529,0.441236,0.513395,0.976304,1.677814,0.820845,0.484769,0.351948,0.290225,0.288931,0.348779,0.475750,0.789074,0.991699,1.058286,1.057971,1.030216,0.998914,0.990239,1.076963,1.538228,1.599282,1.396864,1.399758,0.302134,1.073398,0.915061,0.983101,4.072398,28.663616,
79.654543,39.214728,17.437038,8.429030,3.931753,1.882757,1.372226,0.975464,1.325634,1.170438,3.438085,8.577323,13.396790,17.905323,29.622954,28.939273,15.346847,9.857201,12.101645,10.595426,8.901582,9.342130,15.258036,27.209456,26.735845,12.776001,4.552655,1.777599,1.597339,5.281735,3.176695,3.032721,3.146434,2.872764,2.670285,3.522556,5.097899,5.829249,5.741784,4.638864,2.083435,3.893318,6.258431,5.926609,4.010686,2.234158,2.016700,2.011391,1.811875,1.498993,1.181450,1.072528,1.147880,1.651433,2.127415,1.965177,1.209176,0.487907,1.222382,1.592670,1.303732,1.241032,0.879196,0.728646,0.541901,0.440666,0.357853,0.308192,0.638041,1.765084,1.014868,0.789913,0.725979,0.702992,0.701081,0.719022,0.767004,0.928765,0.884007,0.889578,0.883465,0.866943,0.843535,0.810296,0.759442,0.854333,0.576629,0.337896,1.016996,0.397970,0.953484,1.413376,1.660845,3.603581,29.207303,
79.858018,39.145055,17.061806,8.005060,3.501821,1.782730,1.713507,1.572499,1.522673,1.137993,2.765331,7.572730,12.594152,17.294978,30.083709,28.512145,13.947601,7.394721,8.000450,7.087034,7.028786,8.775484,14.112246,26.477187,26.792440,12.077219,3.949724,1.930851,1.105251,5.487863,4.129104,3.923247,3.828547,2.829252,1.317706,2.547464,4.212353,4.488794,3.792875,2.035998,2.346300,5.148012,6.070141,4.657721,2.680717,1.706155,1.832023,2.024411,1.750192,1.332327,0.768071,0.592983,1.010764,1.764733,1.820429,2.114855,1.870048,1.310741,1.641972,1.734299,1.158084,1.246511,1.447136,1.521706,1.440406,1.300587,1.365348,1.386037,1.368910,2.104570,1.649911,1.572016,1.564876,1.564428,1.560754,1.549069,1.521509,1.504633,1.374836,1.329324,1.306183,1.286276,1.259904,1.206394,1.055176,0.648931,0.976122,0.415323,1.001085,0.254805,0.783126,2.161321,2.298257,4.078548,29.758842,
80.017915,38.999312,16.679919,7.325926,3.248016,2.976727,3.605803,4.095851,4.089874,3.304760,2.286266,5.026029,10.383216,15.629835,28.877920,29.897777,18.375745,9.589378,7.663581,6.790317,6.804821,9.131331,15.722327,26.413614,24.757391,10.496483,3.323892,2.160979,1.076555,5.262509,5.182065,5.572742,4.540168,2.998356,2.910277,3.443142,2.639302,0.873243,0.975403,2.273308,4.143880,5.217642,5.071133,3.613813,2.253156,2.450463,3.087395,3.253043,3.134960,2.772366,2.462903,2.271304,2.322326,2.651127,2.430723,2.983708,3.176234,3.052287,2.661771,2.111363,1.624664,1.994047,2.818838,3.364754,3.721639,3.880774,3.707400,3.388615,3.105413,3.383357,3.360509,3.409443,3.449062,3.468181,3.463543,3.426747,3.322316,3.037203,2.735846,2.633548,2.592416,2.565134,2.539635,2.507696,2.436649,2.257860,2.326257,1.694678,1.669361,1.534363,1.723278,2.823840,2.400380,5.326838,29.955829,
80.073922,38.612385,16.174319,6.400442,3.943011,6.238293,8.320611,9.294669,9.201828,8.158844,5.568476,3.212314,6.460746,11.649072,23.152440,27.941994,21.136902,10.826223,5.350243,3.426399,3.796394,10.890922,18.631246,26.309775,20.735637,8.151870,2.888021,2.356317,1.137249,5.163920,5.695519,6.306695,4.536358,2.086188,2.740678,4.144674,3.157010,1.130530,1.271481,1.838272,2.543752,3.433055,4.548774,5.348915,5.554720,5.896022,6.494426,6.721747,6.807760,6.571671,6.280771,5.946802,5.662451,5.443534,5.102951,5.624511,6.168152,6.243351,5.880874,5.209009,4.579168,4.454664,4.790638,5.407569,5.901841,5.999186,5.842586,5.366630,4.910403,5.029946,5.168952,5.284948,5.375566,5.424103,5.422907,5.373128,5.248980,4.926868,4.590461,4.488160,4.447613,4.406761,4.373549,4.377747,4.454934,4.781598,5.043839,4.341152,3.789407,3.225907,2.758390,3.230510,2.124452,6.909957,30.027116,
79.984213,37.999753,15.214070,5.534101,6.942456,11.480499,13.685666,14.916790,14.929986,14.294171,12.027137,7.620175,4.267005,7.358029,17.609038,26.499091,26.503530,19.534906,13.307446,9.908381,8.208210,15.804385,21.698598,25.266604,16.160618,5.898429,2.949998,2.309664,1.080193,4.206484,6.367767,7.896319,7.985684,7.420430,7.107831,6.440270,5.166664,4.419076,4.700726,4.832508,5.435134,6.704588,8.193581,9.374965,9.797832,9.312660,8.997861,9.114422,8.961844,8.591752,8.604568,8.481297,8.333233,7.754699,7.153657,7.492722,8.078430,8.370872,8.314156,7.969553,7.331846,6.545538,6.341008,6.649152,6.743615,6.673498,6.515664,6.355042,6.064126,5.884857,5.966324,6.164299,6.368097,6.482818,6.483133,6.414548,6.322109,6.115603,5.858411,5.850635,5.844814,5.755953,5.662543,5.671482,5.789618,6.186794,6.587507,5.944516,5.123195,4.724069,4.311979,3.596630,2.257070,8.439171,30.368986,
79.614957,37.216245,13.740255,7.032984,14.514993,19.776684,21.777952,23.246937,23.278280,22.861777,21.644826,17.295075,9.732754,3.193774,7.622519,18.286894,25.559651,24.970869,20.232088,17.039517,16.853987,22.830377,24.235241,22.064654,12.096687,5.010631,2.893093,1.863406,0.782448,2.014379,3.922031,5.147631,6.761153,7.144566,6.889208,5.211801,3.572150,2.573048,3.298346,5.488206,7.451895,7.581618,7.250544,8.258491,9.437535,9.180331,9.142748,9.848987,9.767504,9.071342,9.394472,8.818942,9.172903,9.112968,7.938722,7.892292,8.276843,9.020939,9.699863,10.071349,10.006128,9.074120,8.757826,9.086074,8.331168,7.328951,7.546238,8.220622,8.234828,7.536561,7.245530,7.742561,8.271618,8.548541,8.505291,8.327995,8.320432,8.416348,8.523963,8.823162,8.929079,8.660214,8.333119,8.346397,8.419818,8.002307,7.810782,7.194628,6.185135,7.241650,7.645270,5.884462,4.254001,10.198921,31.246935,
78.935176,36.177247,11.612002,9.943477,18.183394,22.741177,23.266659,23.260301,23.678211,24.931880,25.793987,24.672647,19.292846,11.054596,4.823296,7.307446,16.433927,21.486929,22.900470,23.907082,24.500683,24.587137,20.952545,16.384464,8.703683,3.661793,1.296673,0.864142,0.281105,1.067891,2.453582,1.995790,2.238530,0.853372,0.781211,0.943784,1.404658,1.327539,1.393850,3.165805,3.040360,3.774690,4.278490,4.582738,4.709498,4.831046,4.450553,4.576980,5.953516,5.804060,5.529277,5.554695,4.974865,5.004214,6.159786,6.878357,7.377358,7.788048,8.172822,8.496120,8.814975,9.453719,9.299097,8.523370,8.698485,8.807127,8.044692,6.726840,6.181968,7.371105,8.685287,8.694263,8.515283,8.671159,8.906373,8.785306,8.405244,8.726376,9.321932,9.318402,9.234799,9.358984,9.387452,9.114351,8.617248,7.854323,7.910616,9.115578,9.198741,8.768934,8.441457,8.164527,6.638094,12.134309,32.314248,
78.578545,34.236674,8.920668,13.443694,20.628986,20.801437,14.912607,12.392830,12.362252,14.591970,18.243264,21.535398,19.470697,12.724300,9.817868,4.864784,8.977476,14.548890,16.389197,17.137440,17.278249,17.561284,15.025397,10.369211,5.133683,2.278322,1.056337,0.692480,0.998674,1.858794,3.399758,5.427347,6.320504,7.510449,8.605563,8.197960,6.791139,5.202120,2.751080,2.702426,1.183184,1.615865,2.311323,2.245760,2.056241,2.689681,2.433637,1.909495,2.479989,1.862742,2.427747,2.442605,2.637951,2.656228,1.867387,1.863989,2.380750,2.858921,3.141873,3.519451,4.044658,4.703014,4.549615,3.763619,3.830199,4.049051,3.523514,2.981309,2.122362,0.910834,0.469119,0.811271,1.400063,2.590290,3.749253,5.093318,5.970089,5.993569,5.562067,5.280207,5.252288,5.494827,5.628681,5.385313,4.751097,4.158729,3.023966,3.874613,3.526870,2.261227,2.798941,4.600400,6.075040,13.933705,33.221680,
78.092418,31.685434,8.259615,18.791114,23.310224,19.045876,11.476729,8.046057,7.410896,9.718424,14.969779,21.603191,22.572217,17.525000,15.837589,10.162279,3.857888,7.362518,9.563369,9.959018,9.859868,10.744194,8.218419,5.137547,2.650971,1.213667,0.701310,1.105386,1.552662,3.896705,7.465536,14.269277,16.696661,21.650770,24.593843,24.124119,20.673649,15.518933,9.584461,5.046723,2.292648,1.648884,0.771845,0.298670,0.219784,0.727009,1.027901,2.609895,3.988887,7.335571,10.516927,11.465320,12.721449,13.052271,11.185964,8.425018,5.378907,2.895247,1.442620,1.027211,1.234887,1.535710,1.473612,0.974678,0.710353,1.662302,3.567238,4.307245,4.508188,6.297589,7.444035,6.840045,5.650345,4.518357,2.896375,1.816786,2.148732,2.620574,2.511308,2.237501,2.226981,2.510053,2.610126,2.437247,2.454317,3.466010,1.545619,1.735540,2.319978,2.319995,2.327441,1.109820,5.897094,14.711545,33.812336,
76.342686,29.173602,10.081770,22.033793,22.857283,13.947737,6.399218,3.444798,2.790152,4.485827,9.150424,18.002055,21.773706,20.003399,21.056271,16.227862,6.404062,3.815956,6.464157,8.073450,8.420140,7.424320,4.030789,1.949690,1.030697,0.652281,0.305003,1.257615,3.007848,6.963838,13.728598,28.119196,33.387941,46.115644,52.552204,52.195609,44.779149,33.534654,20.770648,9.883265,4.213450,3.513705,1.321388,1.796867,1.827116,2.056298,2.664307,5.557852,8.465427,17.374225,24.082003,26.953205,30.690067,31.821879,28.494004,21.479452,13.220217,6.568739,2.986052,1.242850,0.639818,0.563164,1.164744,1.318623,0.981011,3.390140,7.348360,10.899511,14.983231,17.868713,18.472821,17.909625,15.619609,11.932754,7.851522,4.263606,1.782862,1.192428,1.836631,2.089886,2.105183,1.988656,1.809375,1.998841,3.225878,5.108712,6.489555,7.815528,7.788084,6.439404,6.086698,4.051646,5.464700,14.635836,33.924682,
74.275321,26.046634,9.647747,20.455592,17.704861,5.518353,0.903554,1.384409,1.508164,3.234180,2.689026,12.012113,17.425516,17.793608,22.871966,20.209451,9.731083,3.490635,2.313912,2.811668,3.040200,2.822936,1.960610,1.400567,0.923340,0.488610,0.747103,1.926919,4.429414,9.402416,21.222535,42.115390,44.352365,63.281385,69.810905,71.666849,66.649088,54.247495,35.107348,16.279793,6.496732,5.085324,1.898019,2.693514,2.746418,1.702849,2.387089,7.862180,14.406608,32.766785,43.938553,50.084088,57.505144,57.085671,50.991159,40.632967,26.033971,12.471682,5.535601,2.271186,0.942412,0.795099,0.950300,1.464747,2.834380,6.548486,14.323827,25.910877,37.882545,46.800891,50.072754,47.614390,40.477868,30.132956,18.911945,9.476101,4.090983,1.584005,0.258075,0.475692,0.449206,0.244746,1.307220,3.418638,7.427781,13.718023,22.305990,25.799526,25.933548,24.020647,21.496491,15.268090,7.732272,13.344410,33.364429,
73.127138,23.287295,9.314548,18.068451,13.452681,1.833854,1.254261,1.903255,2.339099,4.422560,2.497090,9.408758,15.201254,16.812983,23.584071,22.064824,11.485620,4.164489,1.299247,0.975610,0.934507,1.246014,0.869399,0.796912,0.890013,0.669360,1.049875,2.134658,5.170621,11.561962,27.807877,51.776617,44.341799,65.942788,63.435082,66.520546,73.796014,70.090915,48.547309,23.865962,9.422271,6.734853,1.650656,2.174960,3.162114,1.144008,3.435572,10.393530,20.807108,46.324344,55.008249,55.943644,64.199229,64.709256,64.026872,57.318705,39.888793,19.461353,8.189124,3.172981,2.008763,2.053608,1.828615,2.145306,4.509502,9.420185,22.664755,43.250586,59.020845,68.655361,73.102801,71.815321,64.648102,51.204582,33.086038,15.519877,6.485610,3.134527,1.090446,1.527145,1.570692,1.131173,2.316919,6.226973,14.163860,29.447668,44.348214,50.173910,53.525742,50.576519,44.323456,33.395561,15.349931,10.622301,32.094588,
71.954944,21.874092,9.245005,16.194637,10.651902,2.097524,2.632382,2.416882,2.587048,4.360129,2.042625,8.085994,13.828343,15.906363,24.118402,22.995623,12.042056,4.533019,1.978329,1.861551,1.480473,1.074559,0.737252,0.292569,0.321529,0.712017,1.357804,2.490302,5.794346,13.517830,31.492920,56.607285,43.415714,67.906165,48.550257,41.035214,67.170126,77.936256,57.180577,29.092766,11.869174,8.030569,1.639467,1.464323,3.158743,1.902075,4.124298,11.855306,25.425633,55.771833,58.283899,42.939842,45.840255,45.565106,60.342860,65.299451,49.753890,24.885735,10.321814,3.385004,1.103625,0.623934,0.540015,1.751557,5.090627,11.522209,29.288304,55.835334,65.828539,60.523601,56.823891,59.459360,64.002312,60.958334,43.859749,20.407359,8.188979,4.283230,0.639316,0.716056,0.594756,0.476329,3.139318,8.498848,19.612393,42.373189,54.242497,52.929382,55.090979,54.065403,51.879063,45.474501,23.369401,7.256781,30.511041,
70.228088,22.374164,8.246165,15.625662,8.945850,1.113182,1.500208,2.211054,3.128685,4.892704,2.140012,7.475159,13.408540,15.402080,24.641383,23.025293,11.556855,4.385034,2.329164,1.214583,0.506804,0.842810,0.654345,0.363652,0.193457,0.458109,1.263730,2.988311,6.047882,13.783929,31.986403,57.689956,44.637996,71.583079,44.908271,15.217802,58.699058,78.936181,63.011164,29.896376,14.774096,8.208336,1.548541,2.513399,2.861668,2.284465,4.887666,13.112946,27.172346,61.756664,62.439506,35.869908,31.569392,21.048493,53.776312,68.832732,55.517890,28.875977,11.907136,4.247037,1.661800,0.776063,0.776509,2.219197,6.410927,13.090533,33.141360,62.702949,67.375016,44.401939,23.125367,33.641368,56.539156,65.281493,50.740019,24.668034,9.702759,5.356406,1.283967,1.049303,1.146864,0.756939,4.045912,10.576456,23.604952,50.934843,55.597821,41.536384,33.494799,36.840119,46.416314,50.871631,32.531655,6.936153,29.542403,
68.109463,23.288098,8.662791,14.939103,7.331417,1.944147,2.087621,1.977021,2.029909,4.475537,3.306515,9.765018,15.651377,17.123732,24.466248,21.547394,9.897995,3.761627,2.405354,1.667656,0.859087,1.156286,0.646184,0.388707,0.221931,0.360380,1.191625,3.016364,5.717043,12.513906,29.431507,55.597370,46.062156,72.880827,51.995725,25.139449,54.230903,76.536318,63.789688,27.995671,16.592013,8.157759,1.004219,3.753702,1.117595,1.835458,5.797099,13.089840,26.778920,63.403958,65.133938,36.783386,30.164428,11.734462,53.224799,71.187305,58.169083,31.104243,12.789100,4.616720,2.275007,0.706357,0.704215,2.954095,7.003967,12.846642,33.477003,64.829824,70.323294,46.575537,12.852429,27.033971,56.104596,68.046064,54.499438,27.664033,11.037458,5.898879,1.819431,0.575790,0.409249,1.242975,4.730184,11.901414,25.950764,57.461998,62.740824,49.625148,37.094952,45.051469,57.590977,62.607873,44.607905,12.345749,27.980799,
64.562385,23.270056,9.306702,11.327590,4.762774,3.535634,3.599342,3.057593,3.005490,4.168064,5.733057,13.969250,18.613873,17.437512,21.718062,17.905396,7.654074,4.277616,4.546039,4.041529,3.264337,2.897141,1.809593,1.033294,0.500376,0.346602,0.935500,2.470579,5.070714,10.571504,24.094167,48.420576,44.920879,71.529536,66.164690,55.622646,61.345443,71.330408,57.035146,25.006935,15.940640,8.530763,1.962243,3.357265,0.501464,1.396239,5.145424,11.518050,25.388433,59.988729,64.690650,43.784325,39.813764,25.785265,53.376969,69.592581,56.910351,30.860914,12.783107,4.619591,2.480256,0.954809,0.918939,3.625832,6.495054,11.728919,31.029883,62.572356,70.177923,53.220657,20.751785,26.639948,53.618488,66.531160,54.564209,28.814400,11.813950,6.044830,2.017586,0.630157,0.324393,1.447207,4.948540,12.186055,26.272612,58.030147,67.303001,50.953619,16.704030,19.863867,46.927612,62.977097,49.103579,12.427633,26.140524,
59.083234,22.674968,7.973230,5.169931,7.096403,10.132187,10.860480,10.544496,10.462986,11.089776,14.144939,20.337017,22.043565,19.159593,18.674087,12.359695,5.322187,5.691757,6.923843,7.030645,5.952662,5.121843,3.940662,2.239279,1.138985,0.688461,0.653418,1.821512,4.263743,8.790338,17.841256,36.720258,37.029050,60.194053,65.972514,66.037791,65.027000,59.923749,45.740378,20.673580,13.610016,8.480988,2.686872,2.424606,0.946889,0.671632,4.199293,9.649350,21.780275,50.821770,58.755641,53.707264,59.799343,57.198533,62.656942,64.780887,49.923326,27.422904,11.492013,4.486349,2.406829,0.820931,0.861033,3.691215,5.850727,10.187053,26.740583,54.951951,65.318697,60.363924,49.187560,49.132953,57.273958,61.269135,49.025008,27.098434,11.530166,6.191163,2.067123,0.656070,0.304165,1.417619,4.758636,11.573316,24.524734,53.055235,66.741386,54.922216,30.074521,25.654575,44.037977,60.922543,48.993655,12.406147,25.894715,
53.849412,21.281707,7.936698,9.781439,15.534256,18.370376,19.463495,19.128930,18.869721,19.221312,21.393503,23.878339,21.275501,14.318577,9.100837,6.997996,12.157013,16.299536,17.742312,17.119687,14.891829,11.916439,8.399482,4.347367,2.115376,1.045383,0.706876,1.368007,3.543815,7.318434,12.920712,24.607261,23.837440,38.502909,44.354706,46.896423,46.481509,40.874381,32.164008,15.547163,10.272648,7.394392,3.069144,1.583512,1.284460,0.402998,3.615018,7.847677,16.843614,37.895629,45.757455,48.579394,56.822165,58.446613,57.575882,51.970296,38.112185,21.726252,9.540641,3.809072,1.857738,1.214771,0.534526,2.973128,5.314804,8.809411,21.431735,42.949885,54.106699,56.838189,57.213965,57.500272,56.255520,51.325120,38.983940,22.879443,10.723621,5.923790,1.934161,0.615495,0.259913,1.249161,4.276025,10.321340,21.437607,45.866026,60.314606,56.910868,50.073751,49.598681,52.056491,56.064288,41.696669,9.318586,26.869540,
51.815480,23.202359,16.466277,18.841967,20.918461,20.404525,19.705890,19.075891,18.987228,19.215128,20.052232,18.750044,12.665519,4.582763,6.726989,15.504567,22.298855,24.818027,24.750857,23.319033,20.389101,17.455876,13.338509,7.572296,3.594685,1.493751,1.038093,1.185671,3.257766,5.617280,10.379012,15.651593,12.737557,18.958041,20.184486,21.990530,24.658154,23.320703,18.741510,10.093176,6.904436,5.413574,3.509546,1.188466,1.133776,0.257313,3.158818,5.763432,12.465571,24.968668,28.615993,29.404804,32.959350,34.609656,35.313421,32.906959,25.463838,15.519659,7.070941,2.489818,0.872898,1.548789,0.521737,1.915112,4.367195,7.597064,16.218828,29.932243,37.974995,40.388283,41.742359,43.039781,41.568110,36.235673,27.507626,17.952272,9.596237,4.874714,1.551521,0.508855,0.252231,1.014791,3.625399,8.676713,17.303821,35.234402,48.021801,48.853408,48.378396,48.916312,48.304749,45.512017,29.417031,5.325728,28.379508,
53.393933,27.878475,23.390152,22.646017,19.976859,16.613644,15.491429,14.965684,15.070290,15.004741,14.401583,10.334051,3.952536,5.906419,14.831586,23.142475,27.237579,27.297632,25.733435,23.644458,20.831641,19.700927,17.700454,11.460229,5.758016,2.599961,1.598981,1.456830,3.439282,4.861935,10.856891,11.612184,9.407204,9.547380,4.928107,4.422050,12.088433,12.230952,9.082383,7.357434,4.750879,3.481563,3.533635,1.091931,1.145508,0.700039,2.703370,4.202642,9.479757,15.586037,15.253144,13.612431,12.737201,13.514283,17.720420,19.901597,16.435527,9.897022,4.312111,1.600767,0.614348,1.096835,0.724886,1.457703,3.208256,6.160086,12.277445,19.908975,22.903377,22.061923,21.300297,23.105933,23.722084,21.852850,18.067518,12.986073,7.531721,3.512187,1.169673,0.631246,0.581335,0.937278,3.007195,7.083514,13.472334,25.638737,30.692352,28.805532,27.710931,28.293011,29.329851,26.158209,12.243936,9.182839,29.216146,
57.287864,32.042638,26.296527,21.622132,15.506666,11.492584,10.982571,10.709961,10.736474,10.269434,8.714895,5.109637,8.857794,16.941359,29.404334,39.247493,42.812317,41.268508,37.930584,33.606039,28.765821,25.602116,22.253638,16.314253,9.311712,4.835817,2.948915,2.451805,4.094474,5.517405,12.715342,12.398794,13.702975,14.495545,13.854210,13.993142,17.744473,14.881251,8.355422,8.616761,4.324355,2.249270,3.297275,1.869407,1.799276,1.552644,2.972472,5.540989,10.731091,12.861893,10.454370,9.008092,3.694192,3.294656,11.474899,14.577388,11.541633,6.247543,3.574990,2.934785,1.370622,0.764018,1.475937,2.188185,2.659497,5.203049,10.268274,15.319247,14.765136,10.187078,6.106404,9.075162,12.149962,12.951936,11.831758,8.802563,5.582941,3.508690,1.702431,1.449390,1.477000,1.646145,2.873361,5.857863,10.689549,20.851051,23.415885,22.522777,22.622757,23.700720,25.030126,20.359610,10.480462,15.032907,30.104989,
64.984656,36.255620,28.179529,18.658872,11.285076,6.509197,4.500379,4.351870,4.786002,3.698158,2.647625,9.060496,18.435164,26.201238,42.688392,59.491784,66.286622,64.011427,56.930108,44.753677,34.079861,31.974643,28.214339,24.439359,16.683414,8.616735,5.239068,4.760234,5.073862,7.866395,17.181578,20.236921,23.801066,27.293805,28.025254,26.755570,27.613942,22.147145,11.567862,9.554205,6.312230,4.613612,4.795365,4.435549,3.614521,3.885229,5.761892,10.285627,17.627380,19.970019,19.253915,18.523025,17.182565,16.826052,18.189324,19.245270,14.891834,7.738728,4.018433,4.051269,3.419221,2.813967,2.694283,3.220790,4.428727,7.347685,12.120557,16.468178,15.206946,11.246808,8.080050,10.211291,12.847490,13.216489,11.525213,8.386975,5.741283,4.584098,3.476028,3.255011,3.388164,3.775949,4.584793,5.839230,8.507948,14.412273,15.619023,9.861777,5.993088,8.629723,11.860444,7.077613,8.511907,20.718275,34.518722,
72.072652,34.164694,21.475723,10.150677,6.064657,5.966406,4.536502,4.196171,4.209354,4.169809,7.800254,16.651540,26.365395,32.301344,52.200892,63.381683,49.444664,34.263566,42.975598,38.463561,26.819792,27.531003,26.202554,25.907221,21.088671,12.928503,8.904719,8.365606,8.860811,12.721385,22.472366,25.834585,27.001658,27.934603,23.876472,25.195130,32.889484,31.012087,17.989555,13.129252,9.648069,7.423288,7.156477,7.731296,8.260304,8.785632,10.460689,16.879730,26.155676,29.410012,29.457120,27.796038,24.267990,23.903034,25.971215,26.377574,21.568813,12.878683,8.035464,7.008432,7.256661,7.357528,7.382937,7.462708,8.346956,11.583003,17.951723,23.340348,24.311093,24.231223,23.954473,25.352058,25.769761,23.174069,17.776691,11.981841,8.910244,8.455426,8.100409,7.639401,7.383209,7.858660,9.204121,11.247222,13.718107,17.496753,19.966060,16.123393,13.943193,14.500236,15.304355,10.472370,10.742829,22.532069,33.307596,
74.143659,32.641876,18.529240,14.898713,13.314620,13.457753,14.400844,14.747934,14.732598,15.417407,18.524883,26.968988,33.489260,31.761503,47.897702,49.537665,24.394883,24.041090,41.423641,33.755533,19.665776,20.566660,27.173173,30.457785,27.932789,21.167378,17.138106,15.954959,16.105392,18.200298,24.704710,25.364188,22.024588,19.106863,10.951099,14.330346,27.621712,33.139000,26.616126,23.582613,20.435250,17.659843,16.030266,15.617684,15.822402,16.615289,18.799895,26.035037,35.792992,38.548319,37.493729,36.372241,33.999991,32.640350,34.237892,35.988065,32.066325,23.181615,17.911084,16.685040,16.687884,17.022948,17.130303,17.194128,18.320828,22.568809,29.281714,33.891715,33.683526,30.077813,27.348265,28.897668,31.641627,31.558080,26.187291,19.912675,17.665177,17.730937,17.365692,16.949069,16.805555,16.972685,18.109656,20.088873,22.615531,28.968484,31.697128,28.759686,26.650112,26.159269,25.980027,20.961559,15.066992,19.144798,27.817595,
69.265492,39.413774,32.968740,34.100552,35.171704,35.488731,35.958458,36.166812,36.381894,36.668236,37.449876,39.153422,37.921785,34.805384,39.034940,33.451159,21.551193,24.857625,28.090528,23.687012,23.099057,24.332517,28.609262,34.675162,37.517296,37.123446,36.753471,36.732104,36.662585,37.888775,37.845051,32.086938,24.030949,18.131088,11.547544,12.937410,24.920607,33.509550,34.847289,36.423900,36.947280,36.890021,36.844258,36.797234,36.835934,37.419947,38.065122,39.557680,41.071615,36.375200,28.003598,23.400729,22.487099,24.312406,29.764692,36.887675,39.785606,38.279200,37.262413,37.356935,37.552241,37.689219,37.792839,37.633546,37.693621,38.297627,38.844721,37.285692,32.748482,30.926165,30.914966,31.954687,36.238129,39.983894,38.846779,36.016762,35.056723,35.932053,37.064080,37.233263,37.171960,37.193815,37.215049,36.930927,36.940800,40.872812,38.622088,33.743357,31.550626,32.780845,35.835393,35.914067,33.246724,29.508205,34.843127,
