12.416054,-5.863913,-25.037277,-25.874934,-18.084003,-6.169377,-1.185977,2.671107,5.274825,5.126499,2.300281,-1.358756,-3.101127,-4.221014,-4.669608,-3.398662,-1.677206,-0.844410,-0.767547,-0.271775,0.550282,0.703200,1.750197,5.271022,8.679939,7.928349,4.142524,1.007404,-1.419120,-5.743337,-9.554972,-8.581709,-2.089849,4.619780,17.108097,35.226435,36.600031,13.934655,3.914036,-3.190842,-13.650466,-33.077795,-35.508529,-18.418452,-8.677197,-2.596186,-2.041119,-0.914079,0.013751,0.731901,3.504796,9.913018,19.141419,38.404607,32.042940,11.820544,3.781463,-3.269148,-12.462087,-32.314268,-35.978298,-21.919794,-8.422955,-3.143118,-1.205920,0.223025,2.432706,6.259098,13.862261,33.234339,20.849282,27.843750,12.963460,4.744746,-0.648733,-7.860559,-16.139467,-18.425295,-35.547793,-23.719554,-11.118176,-5.702285,-1.835591,-0.125243,2.762071,6.997642,19.386324,35.363241,33.521467,16.318532,6.737361,3.185853,-0.874235,-5.399020,-15.666512,
15.202190,-6.014543,-31.145331,-33.217599,-22.692155,-8.782394,-2.347139,2.608833,6.831123,7.869969,4.622229,0.189132,-2.274738,-2.671745,-5.773008,-5.129606,-2.390004,-1.216202,-1.322721,-0.663476,0.113672,0.773252,2.457770,6.476843,11.776080,10.871020,5.587996,0.580480,-3.089016,-7.665130,-13.115062,-10.641347,-2.898334,4.040712,18.487127,41.907862,45.471141,16.413564,4.849251,-3.828144,-16.693971,-41.079444,-43.541638,-19.748282,-8.737646,-3.210516,-2.564033,-0.991958,0.416362,0.962941,3.753093,11.059188,22.428953,45.376444,40.775561,15.200425,3.562147,-5.231015,-14.742997,-38.943108,-44.301180,-24.522713,-9.535562,-3.634986,-1.672866,-0.157439,2.597972,7.075044,16.030441,38.334026,23.211306,35.924963,18.642028,6.877303,0.081500,-8.380688,-21.177966,-22.979772,-45.937961,-29.268501,-12.204342,-5.114812,-0.769416,-0.291418,4.622370,6.687636,20.473973,42.078625,42.048215,20.203042,10.212042,5.495509,-1.192690,-7.757730,-22.017243,
13.087783,-6.178542,-31.778967,-35.028081,-23.605591,-9.476091,-3.361110,1.044108,5.827788,8.715335,7.548953,4.082720,1.838273,0.978366,-3.867892,-4.819322,-2.847975,-1.902065,-2.235554,-1.368152,0.116047,0.585482,2.735015,7.346810,13.510922,13.055194,6.931076,0.364491,-5.783910,-13.736464,-18.128814,-12.901976,-2.557009,4.090471,17.266766,40.732210,46.007652,19.118615,2.651273,-7.377989,-19.828841,-41.367193,-40.476223,-16.397614,-6.807495,-3.520953,-2.448025,-0.364673,1.072972,0.796112,2.696667,8.934282,20.441830,43.910694,46.644621,18.443295,3.052836,-9.227861,-18.304495,-40.658361,-42.018580,-20.586530,-8.142066,-3.443901,-2.110091,-0.662703,1.915827,5.715367,12.640676,27.046335,22.757331,43.890297,28.114199,10.870712,0.149261,-11.539352,-27.668554,-25.697799,-42.751183,-25.681077,-11.090703,-4.936136,-0.335273,-1.279884,2.637326,7.078468,15.092582,36.925850,43.622686,25.103542,17.953313,10.006541,-0.622636,-9.975967,-26.129572,
9.517538,-7.607800,-28.160166,-37.718393,-20.801180,-9.813904,-3.197947,-0.068569,2.366393,6.406251,9.929818,11.519672,10.524580,5.159414,4.197816,0.035329,-3.352693,-3.333483,-2.953514,-1.742879,0.463269,-0.080508,3.205893,5.086120,10.731964,11.391004,6.497417,-0.097130,-10.092541,-19.555512,-21.314388,-13.552904,-2.612552,2.088728,12.278286,32.295054,38.042616,20.383740,-3.182103,-10.779276,-29.242097,-31.603473,-20.207452,-9.172108,-4.497106,-2.807597,-2.255206,0.783615,1.126473,-0.941360,2.341250,7.676272,15.696071,40.470115,43.870404,18.052485,-2.088802,-23.058098,-18.214052,-35.604185,-27.365995,-12.233401,-5.293813,-2.604367,-1.898711,-0.555055,1.408523,3.613172,7.246016,13.955902,17.336097,41.780305,40.111434,15.167288,-0.629825,-18.340166,-36.083920,-25.220890,-30.301514,-17.191054,-8.228538,-3.772129,0.278502,-0.609668,1.497377,5.643410,9.831656,21.600019,37.683996,26.025783,34.997594,14.190733,-0.986866,-13.399580,-32.723309,
3.021298,-10.484837,-27.983008,-31.504701,-17.836670,-9.019482,-3.658059,-0.993502,1.564397,4.305119,9.476072,16.189558,17.989777,10.870405,11.404143,4.009004,-4.932068,-6.939486,-5.560481,-3.379917,-0.483528,1.979421,3.442391,3.900955,9.045599,9.681512,5.117038,-1.102227,-11.976268,-23.801382,-21.564466,-13.719507,-3.239135,0.799371,5.842089,16.452646,20.639561,10.236530,-4.808136,-7.305927,-17.590950,-13.555342,-6.865723,-3.017783,-4.161886,-0.659536,-3.360713,-0.003508,1.214099,-0.803454,1.072196,4.779970,10.056632,26.511651,32.873802,15.510175,-7.376951,-23.637280,-16.972505,-20.441921,-10.896418,-5.109307,-3.658821,-3.007860,-1.455480,1.239805,2.215326,1.035594,1.649378,6.359624,13.705914,33.433989,36.731854,16.286863,-4.024009,-26.860750,-35.297446,-16.133811,-16.437195,-8.457845,-4.620010,-2.514828,-0.701702,-0.186978,1.460341,3.304720,6.797022,16.116102,30.086621,24.328301,36.299040,15.532148,-3.583157,-20.823435,-26.030883,
0.531238,-11.747822,-30.703092,-28.331255,-16.470889,-7.523551,-3.784626,-0.849133,1.695261,2.733138,6.594016,15.196145,20.637282,12.768656,15.568920,6.030041,-7.238057,-11.591579,-9.332778,-5.686190,-1.632606,1.847236,4.514345,5.516602,10.320468,9.935814,4.836587,-1.114005,-11.291894,-21.076989,-19.784027,-14.020283,-4.670614,0.676728,3.084736,6.728769,8.286689,3.887357,-2.570098,-3.634972,-7.566720,-4.158039,0.306997,2.593278,-2.798500,-1.517726,-4.370180,-1.177752,1.217126,-0.883379,-1.249819,0.961463,4.245212,10.169410,11.498075,6.399564,-3.308178,-6.591024,-7.217045,-9.112502,-2.825279,1.522250,-2.019594,-3.106224,-0.936625,3.071074,3.064607,-1.552248,-3.195169,2.107470,5.516547,12.232347,16.454978,12.225570,-2.085892,-14.929061,-16.572947,-9.363216,-5.358173,-0.967299,-2.192499,-2.520019,-1.276415,-0.405207,2.302097,1.637132,1.574927,6.970143,15.799011,17.276354,30.547425,16.604712,-3.686058,-21.120347,-11.840689,
4.767588,-13.175857,-34.484550,-29.270921,-16.658678,-7.772701,-3.473426,-0.822337,1.893411,1.766262,4.507272,11.947444,18.474995,11.825136,15.124019,6.034790,-7.976161,-14.598741,-13.512612,-8.105772,-1.818524,3.155516,6.531345,8.519821,13.190127,11.521011,5.385791,-0.371736,-9.785256,-18.475041,-17.852541,-13.566137,-5.084198,0.897926,3.841220,5.826845,5.587024,1.477882,-2.352072,-3.327727,-5.453093,-2.015848,1.090447,5.562453,-0.685368,-1.398978,-3.928872,-1.780053,0.270328,-1.757412,-3.344196,-1.171768,2.373555,4.876636,4.557659,3.540529,-3.120991,-3.399151,-3.338461,-2.452338,4.447525,2.521128,-0.043138,-1.733699,-0.203761,3.183640,2.171836,-3.532940,-6.148891,-2.425448,3.022177,4.547134,5.589643,4.916291,-2.672293,-6.035320,-5.881461,-3.781191,1.456349,1.670599,-1.624991,-2.145348,-1.288178,0.419034,2.329400,-0.609539,-1.772185,3.358428,7.092288,8.150159,14.587417,7.160772,-4.813133,-4.384056,3.632507,
9.970515,-13.496892,-36.715301,-32.907027,-16.694771,-8.472250,-3.749018,-1.360401,0.467556,1.709038,3.912935,9.852926,14.692612,11.920124,13.137145,6.500395,-4.803435,-13.026910,-15.108744,-9.694150,-2.095962,1.653774,6.659931,9.457530,14.065014,11.658306,5.416653,0.557920,-7.798045,-16.658680,-16.816647,-12.683928,-4.178947,1.712253,4.516326,6.892665,6.323441,0.840916,-3.366623,-5.075613,-6.225300,-1.865797,0.231219,5.703256,1.577628,0.049568,-2.477092,-2.948549,-2.198680,-2.761056,-3.117759,0.329605,4.280683,3.177919,3.078137,1.022607,-1.834373,-2.576391,-2.287676,-3.251408,3.214883,3.627247,3.014045,1.469210,0.619733,0.915512,-0.533705,-4.321203,-5.494361,-2.389615,1.372505,2.582858,2.446732,0.732398,-1.683673,-3.315310,-3.421333,-1.077341,3.403377,2.111632,0.247066,-0.401600,-0.362537,0.848398,0.411867,-1.419522,-5.782277,0.322109,3.767119,6.034373,7.877357,5.802435,-2.255687,-2.243982,9.665506,
17.114160,-8.207370,-35.134833,-40.298332,-21.650321,-10.144271,-3.600696,-1.681589,-0.021042,1.356469,2.778178,6.094690,9.501074,7.512977,10.892582,7.366129,-0.325122,-8.152420,-12.336402,-8.816075,-2.362415,-0.394279,5.200993,8.700217,13.078443,10.258151,4.410047,1.040148,-5.448698,-10.716272,-16.081147,-13.029105,-3.853202,2.634113,6.043513,8.726999,7.805742,1.524517,-2.856458,-4.433766,-9.230771,-5.279431,-2.222939,4.639133,5.370535,1.456625,-1.102426,-4.703849,-5.356339,-3.219069,-0.920460,3.720735,8.440864,9.493653,5.822882,0.233521,-4.152799,-6.908588,-5.033970,-8.343933,-0.717231,3.985035,5.837357,4.903243,1.185137,-2.185735,-3.952980,-3.896916,-1.817116,2.800978,2.287477,4.900754,2.715661,-2.042924,-2.370980,-4.127653,-6.573147,-1.621700,1.960323,2.411559,4.186706,2.498316,0.761650,0.400570,-3.496543,-4.352371,-5.863199,0.280271,3.218998,4.330223,2.613909,2.856075,-0.384188,2.842365,11.253917,
8.312798,-6.508122,-28.237618,-36.975303,-21.243306,-8.808176,-3.250960,-1.274779,0.312500,1.379042,2.175742,5.356812,7.800735,7.087363,9.475607,5.445049,-0.567369,-5.026470,-7.662548,-6.126218,-2.660262,-3.043680,4.784874,8.860875,12.498681,8.355877,1.829958,-0.891845,-5.358118,-7.681026,-13.627843,-12.418100,-4.831668,1.670103,7.110744,10.554175,8.787560,1.176096,-3.526596,-3.651975,-11.585659,-7.148067,-2.617974,2.932352,8.484760,2.918896,0.513853,-5.811156,-7.558878,-3.321240,0.470091,4.862881,9.864469,13.153948,7.335779,0.218765,-6.401756,-8.098912,-6.551772,-10.122775,-3.135569,3.145048,7.001727,7.027983,1.575562,-4.773941,-6.646037,-2.859852,2.337687,7.718090,5.775208,8.008449,4.219572,-2.774079,-4.719521,-7.511727,-9.995097,-4.410119,-1.299947,2.447608,7.556440,4.407981,1.438789,-0.008509,-6.631036,-5.411547,-2.861170,3.752308,5.202886,4.815420,2.524530,1.882805,-1.324457,1.252402,9.542152,
-12.067900,-12.146633,-19.243991,-21.898574,-12.768613,-6.318912,-2.987914,-1.305189,0.338060,2.067817,3.800122,9.022840,12.518559,7.966855,7.423844,-0.156542,-6.356287,-6.031676,-4.453159,-3.181290,-1.927113,-0.744244,6.259312,10.824665,13.019661,6.632298,-1.182970,-4.723094,-8.321292,-9.800182,-10.751562,-10.216464,-5.737743,-0.156957,5.564519,10.486277,8.262357,0.584586,-6.591420,-4.468137,-9.678117,-3.940712,-0.472120,2.775902,8.071704,2.566044,1.607823,-5.545570,-8.250127,-3.549772,0.061837,3.438315,8.055791,11.554698,7.938229,1.628318,-7.655948,-8.174135,-6.413637,-7.361647,-2.166985,2.209040,6.776005,7.250548,1.693992,-5.728252,-7.417064,-1.923280,4.290458,11.004727,6.756046,7.720332,5.226658,-0.719803,-5.341985,-10.068328,-11.483296,-4.997812,-3.390880,1.798769,8.591876,4.817227,1.463403,-0.049075,-8.024056,-6.173583,0.489282,6.580956,6.714372,5.644465,3.968559,1.546116,-2.177931,-0.986739,7.685188,
-26.750366,-14.500913,-12.715858,-12.102746,-7.857909,-3.812867,-0.949285,-1.089498,0.539868,2.603811,6.088443,14.251565,18.523724,9.081203,5.335132,-8.370645,-14.606481,-9.181670,-1.830053,1.294546,-0.854605,2.052323,6.558869,15.073397,15.099508,6.483102,-0.943818,-8.993906,-12.630016,-11.065947,-12.789785,-11.418746,-3.685973,-1.097847,3.920972,11.033822,7.173502,-1.251543,-6.663071,-5.562271,-6.302236,-3.035242,0.084610,5.098099,5.070255,2.446950,1.564740,-4.110437,-7.206444,-4.440021,-1.046856,2.081657,6.012937,9.648002,7.064073,1.231196,-6.176392,-8.649132,-3.625018,-5.668762,-1.213348,2.103893,5.288084,5.238043,1.020294,-3.805382,-5.133909,-2.338628,2.428846,9.056853,5.798033,7.511711,5.646644,-0.720802,-6.027975,-9.292109,-9.290814,-4.553205,-1.392849,1.359188,7.164644,5.326086,0.553258,-1.588747,-5.888031,-5.354079,0.665337,6.182486,7.536612,6.013722,4.481699,0.756634,-2.768952,-0.976838,7.983225,
-31.327828,-15.643081,-10.593568,-8.580814,-5.232069,-2.573253,-0.680629,-0.241721,1.735953,3.500548,7.837594,18.860296,22.865042,8.797490,1.420081,-15.269314,-20.302720,-10.350965,0.791618,4.638313,0.327853,0.987471,7.235825,18.018238,19.040564,9.816934,-0.300972,-10.692623,-16.421769,-16.358351,-14.956653,-11.373979,-3.531616,-0.976767,3.409673,9.596944,5.933016,-1.298956,-6.211187,-4.813517,-5.322658,-2.371502,0.440348,5.464572,4.353992,2.204465,1.068661,-3.876071,-6.404158,-4.179887,-1.487944,1.377522,4.699641,7.386464,6.291252,1.614876,-4.889867,-8.223243,-2.872620,-4.300618,-0.898827,2.019467,4.324538,4.090133,0.562548,-3.229349,-4.116124,-2.066171,1.448233,5.850766,4.756861,7.020876,5.401690,-0.789305,-5.521115,-8.053034,-7.531058,-2.877126,-0.374510,1.434932,6.718040,4.982727,-0.053729,-2.045669,-5.197014,-4.662422,0.304833,5.238517,6.842319,5.634644,4.344604,0.688788,-2.749699,-0.918142,9.836732,
-32.687373,-16.285675,-10.247805,-7.308055,-3.750339,-1.703079,-0.945544,0.496927,2.767139,4.191096,9.776271,22.269756,24.913957,6.897915,-3.457287,-20.242114,-22.154847,-8.451913,2.538169,6.741443,1.431657,0.788040,5.718581,17.213866,20.717876,13.010308,0.658414,-10.311477,-18.796091,-19.290775,-16.692620,-11.062364,-3.474802,-0.143839,3.459528,8.275784,4.856575,-0.932789,-5.760714,-3.741030,-5.558482,-2.560997,0.503862,5.203423,4.419396,1.870901,0.361174,-3.996851,-5.751886,-3.477891,-1.481384,1.189402,4.081380,6.566966,5.472577,1.743968,-3.793269,-7.816185,-2.911720,-3.804317,-0.634212,1.333158,3.584223,3.202532,0.180736,-3.036517,-3.541958,-1.455806,1.132622,3.738558,3.563710,6.259993,4.955106,-0.804949,-4.643716,-6.329251,-5.964975,-2.439362,0.089816,1.653078,6.322327,4.430462,-0.663081,-2.210031,-4.882138,-3.634975,0.264932,4.394007,5.705399,4.903927,4.222229,0.821609,-2.529265,-0.907720,12.024765,
-32.297054,-16.630147,-10.885648,-7.254600,-3.187943,-1.167241,-0.940129,0.769962,2.854641,5.102251,12.464430,23.835757,23.346225,4.204104,-8.678342,-22.484741,-19.349574,-5.589303,4.568089,7.219302,1.904119,-1.327971,2.016069,13.969188,21.170688,17.243976,4.058935,-6.413925,-19.298717,-23.505509,-18.406498,-10.566856,-2.938922,1.435918,5.213733,8.250533,5.222222,-0.565949,-6.015330,-3.841153,-7.471189,-3.923222,-0.140955,4.535516,4.470683,1.709759,-0.426218,-4.207593,-5.126120,-2.688860,-1.009649,1.623692,4.560628,6.968720,4.685120,1.173008,-3.637075,-7.425953,-3.198241,-4.130846,-1.105889,0.758230,3.186875,2.901365,0.089502,-2.886014,-3.187292,-1.219350,1.084002,3.288709,2.972965,5.384747,4.439754,-0.688897,-3.777700,-5.084653,-5.201772,-2.554711,0.065325,1.481138,5.770206,3.719533,-1.138735,-2.219660,-4.436088,-2.412528,0.241809,3.604559,4.754963,4.188387,3.877775,0.893775,-2.185768,0.345698,13.191688,
-31.280245,-16.867898,-11.860082,-7.693048,-3.164712,-1.160995,-0.425727,1.209808,2.623468,6.445800,15.398484,24.510849,20.335084,2.473241,-13.208606,-23.833935,-15.362233,-2.619836,5.270533,7.417639,2.542610,-2.552840,-1.525025,10.337852,20.814960,20.192589,6.207024,-3.004818,-19.588296,-26.616992,-19.366965,-9.464977,-2.048895,3.596994,9.169550,10.976657,7.686574,0.167652,-7.376099,-5.809985,-11.564689,-6.992067,-1.695323,3.321468,4.433254,1.496949,-0.939212,-4.376755,-4.471263,-1.850077,-0.039624,2.890140,6.586746,8.406413,5.134187,0.611447,-4.825634,-8.467685,-4.034667,-5.390271,-2.144810,0.161180,2.955380,2.873920,0.193739,-2.643573,-3.020462,-1.038848,1.383534,3.938148,3.246452,5.779319,4.835637,-0.440739,-4.030056,-5.757325,-5.923033,-2.723694,-0.233879,1.030177,4.989122,3.026266,-1.499749,-2.063029,-3.874202,-1.820049,0.758132,3.293846,4.533117,3.935043,3.580662,0.599856,-2.108871,2.077275,13.266675,
-30.590513,-17.195487,-12.510775,-7.802879,-3.185122,-1.152953,-0.029849,1.658050,2.809786,7.035400,17.579739,25.590121,19.338492,2.600623,-15.013412,-25.109882,-14.661237,-2.088176,5.910764,8.083134,2.936584,-3.284980,-3.249942,8.405102,20.522070,21.212840,5.461990,-2.246185,-20.793330,-27.340342,-19.050215,-7.860151,-0.644597,6.233891,14.729557,16.231950,12.195327,1.022833,-9.674252,-9.479261,-17.477084,-11.678602,-4.005763,1.490713,4.075111,1.206227,-1.125415,-4.048525,-3.745500,-0.867678,1.393713,5.381011,10.260250,12.769843,8.219150,0.920507,-7.815465,-12.152168,-6.872833,-8.525836,-3.604329,-0.764259,2.381608,2.648435,0.021509,-2.475878,-2.517936,-0.387390,2.523036,6.333046,5.655399,8.391199,7.131009,-0.007154,-6.121311,-9.649729,-9.179578,-3.925094,-0.989854,0.168751,4.075593,2.162339,-1.652355,-1.522924,-2.968675,-0.828940,1.879624,4.972316,6.107932,5.097360,4.210102,0.514292,-2.903904,0.467520,11.354233,
-30.857663,-17.505969,-12.579611,-7.207511,-2.680562,-0.968093,-0.191079,1.679495,3.387442,6.595537,17.396606,27.144841,21.147854,4.038297,-12.578167,-24.956347,-17.229473,-3.379721,6.508810,8.410568,2.110532,-4.695498,-3.562561,8.139043,20.404873,21.423277,3.790404,-2.736904,-21.936614,-28.210636,-17.975151,-6.308498,0.779333,9.431646,20.480367,22.165955,16.724346,1.393416,-12.183973,-13.395274,-23.284443,-16.509106,-6.692367,-0.543060,3.541433,0.616522,-0.986094,-3.398044,-2.840167,0.203069,3.126454,8.553074,14.863074,19.685709,13.247286,1.686956,-12.072668,-18.346073,-11.445260,-11.870615,-5.821062,-1.928975,1.609402,1.846538,-0.310863,-2.265395,-1.679792,0.830418,4.501599,10.182965,9.511436,12.839822,10.691625,0.436950,-9.640792,-15.573566,-14.377411,-6.373946,-2.154426,-0.687500,2.844500,1.464954,-1.662560,-0.945162,-1.879661,0.650791,3.927175,8.333708,9.782620,8.036039,6.359558,1.094236,-4.471128,-5.023198,6.916479,
-31.831911,-17.759944,-11.999124,-6.312326,-2.137927,-0.471890,-0.511561,1.440633,3.703643,5.633014,15.346814,27.539739,23.918524,6.322520,-6.806567,-21.368139,-18.904536,-4.779581,6.033720,7.437207,1.577233,-2.010110,-3.044095,6.233249,16.596097,17.401377,0.594822,-5.133318,-22.180245,-25.776554,-16.037334,-4.743373,1.790572,11.938963,24.241812,25.870319,19.047093,1.090235,-13.523400,-15.638096,-26.412156,-19.622047,-8.477052,-1.828855,3.018991,0.140301,-0.698610,-2.754347,-2.090242,1.069018,4.504169,10.875798,18.904459,25.357790,17.404805,1.850682,-15.919814,-23.913842,-15.243265,-14.450283,-7.601318,-2.404043,0.548099,1.004874,-0.558985,-1.936216,-0.725156,2.011862,6.489990,13.638019,13.080617,17.210281,14.226278,0.803851,-13.447567,-21.321847,-19.205376,-8.659865,-3.517947,-1.424873,1.656819,0.853373,-1.423273,-0.377242,-0.795168,1.863778,5.945436,12.417762,14.296323,11.536534,9.517038,2.126359,-6.747652,-11.134036,1.862975,
-34.377742,-17.719402,-9.857799,-5.418408,-2.031059,-0.144179,-0.030949,1.358602,2.667853,5.386185,12.291612,24.013813,26.088171,9.582225,2.930965,-10.485361,-15.358806,-6.189619,2.032708,3.628864,2.447022,-0.024068,-0.111867,2.933211,7.439988,8.007012,-0.479349,-10.792258,-19.546812,-22.515132,-12.614069,-4.054232,3.084062,13.059451,24.060970,25.320672,15.557140,0.774334,-12.233480,-14.163423,-23.627669,-20.232157,-8.659246,-2.429473,3.415918,0.336015,-0.148483,-2.452294,-2.555282,1.921684,4.979524,11.040683,22.559641,26.231090,19.566258,-0.705630,-17.041100,-26.201435,-14.489289,-15.431968,-9.546088,-3.198470,-0.750770,0.242314,-0.334479,-1.297722,-0.169911,2.849833,8.120694,17.231527,14.921054,20.288742,17.666704,1.220068,-17.159956,-26.303858,-22.743917,-10.136112,-5.157834,-1.975421,0.258395,0.171507,-0.771909,-0.154266,0.871772,2.945203,7.513747,17.425763,20.450785,13.071811,14.935312,3.353951,-11.837184,-16.967055,-3.881483,
-35.103514,-17.806305,-9.148446,-4.916201,-1.725515,0.324748,0.741372,1.776590,2.574118,4.635301,10.146982,20.175335,23.434102,11.746354,7.074228,-4.495962,-11.275749,-5.676289,0.660628,2.250705,2.429301,1.487180,1.039692,1.045095,1.866623,1.414797,-3.843483,-11.772465,-16.954191,-19.893225,-10.339343,-2.956268,3.712028,12.576922,22.021878,22.768218,13.085806,0.500951,-10.505929,-11.555147,-19.770319,-17.870406,-8.058653,-3.111914,2.528916,0.204484,0.524948,-1.315722,-1.963500,2.418275,4.790521,10.072911,21.491080,25.551027,17.765362,-1.326551,-15.591523,-24.605008,-14.300567,-15.260198,-8.835238,-3.699726,-1.566107,-0.318339,-0.446890,-0.981513,-0.009415,3.400917,8.802916,17.654427,15.807687,21.304239,18.247944,0.821457,-18.422294,-27.735143,-23.786922,-11.119213,-5.767793,-2.322303,-0.180644,-0.040512,-0.603938,0.114715,1.589550,4.062605,8.834714,19.077005,22.323436,14.368016,16.374437,3.739332,-12.800009,-19.528888,-6.194374,
-35.460027,-17.739355,-8.938198,-4.491311,-1.381674,0.579443,1.921951,2.589962,4.010612,5.171743,7.781105,14.752173,16.832937,9.826339,6.412189,-1.917853,-6.963348,-2.483143,2.823022,4.221536,3.522534,1.867241,0.264189,-2.106812,-3.918634,-4.805381,-6.773801,-10.467139,-12.863079,-14.811860,-7.944318,-1.960099,3.671870,10.593485,18.317933,18.528009,9.967629,-0.246020,-8.179592,-7.510568,-13.720327,-12.809498,-5.732265,-2.791623,1.985662,0.212297,1.152890,0.404797,-0.837279,2.478773,3.941541,7.731732,17.154885,18.672573,13.193753,-1.284726,-11.286990,-18.610154,-10.721290,-11.679579,-7.852676,-5.102839,-2.456692,-1.220659,-0.934020,-1.223748,-0.151475,3.258608,8.338382,16.563468,15.139800,19.953613,16.398279,-0.223254,-18.216240,-26.587859,-22.704899,-10.497611,-5.639367,-2.344907,-0.278860,-0.091802,-0.546636,0.247949,1.874899,4.584124,10.127956,20.152894,23.064931,14.630365,15.568097,2.909713,-12.538160,-20.241171,-6.680408,
-35.726173,-17.717299,-8.639835,-4.086017,-0.761637,1.879854,5.113288,4.451272,6.914031,7.306667,5.883741,8.038665,7.093005,2.447346,0.184810,-4.137292,-5.019549,0.687865,6.429307,7.246050,5.092267,3.755133,-1.329399,-5.333028,-7.668116,-7.519835,-6.820095,-7.544606,-8.389415,-9.566534,-5.665633,-1.299807,2.783346,7.632815,13.473046,13.368786,6.595963,-0.486346,-5.909494,-4.261806,-7.844553,-7.842210,-3.076597,-1.485812,1.457227,0.711558,1.579698,1.777180,-0.186950,1.829176,2.815392,4.896560,11.776346,10.727841,7.894497,-1.121477,-6.433553,-11.087400,-5.429666,-6.072574,-4.196996,-5.041464,-2.975836,-1.925048,-1.414571,-1.500966,-0.568168,2.670830,6.740497,12.716911,12.008719,16.174759,12.704939,-1.472572,-16.067098,-22.632453,-19.411984,-8.862456,-5.031630,-2.135755,-0.227133,-0.081588,-0.532797,0.254729,1.832359,4.322346,10.629873,19.893185,22.225754,13.521557,12.964978,1.252828,-11.449812,-18.203957,-5.121026,
-35.967339,-17.711120,-8.406379,-3.540071,0.084595,3.891819,8.337593,7.212344,11.849875,12.002189,5.979052,2.075683,-2.478578,-2.434237,-7.882589,-9.280891,-5.529803,1.332213,7.335866,7.608280,4.448448,3.401355,-2.470754,-6.093421,-7.056217,-5.828651,-4.660732,-4.717751,-5.423592,-6.815227,-4.405881,-1.153168,1.473680,4.650441,8.969006,8.603326,3.666086,0.368059,-4.197045,-2.768669,-4.547898,-5.054844,-1.943437,-0.517299,0.788246,0.989344,0.994419,2.163357,-0.156487,0.670608,1.795042,2.497519,7.452293,7.400071,4.527577,-0.819985,-3.465389,-6.173260,-2.722575,-2.995657,-1.839081,-2.568307,-2.517635,-1.942943,-1.328844,-1.308506,-0.629085,1.924043,5.066041,9.341583,8.253856,11.393399,8.639206,-2.028698,-12.000967,-16.462010,-14.368954,-6.810786,-4.176447,-1.800034,-0.108795,-0.049640,-0.543841,0.180578,1.602416,3.692253,9.070812,16.342305,18.357629,10.406024,10.061645,0.553392,-8.558248,-12.707574,-1.438077,
-36.193369,-17.693426,-8.163711,-2.995074,0.859761,5.298773,11.742006,11.101428,18.776137,19.388560,8.976745,-1.273662,-10.346098,-7.444053,-14.663927,-13.502391,-6.768178,0.391626,6.057994,6.170414,2.135254,0.273440,-3.330993,-5.169654,-4.870262,-3.641514,-3.211582,-3.777361,-4.298340,-5.065466,-3.738015,-1.099226,0.641121,2.645189,5.794931,5.291448,1.559417,0.690246,-2.867103,-1.917393,-2.370412,-3.449438,-1.396136,0.271276,0.212989,0.048097,-0.091588,1.722410,-0.810424,-0.357422,1.336829,1.180714,4.269465,5.040475,2.980917,-0.108645,-2.195390,-3.670381,-2.261492,-2.343805,-1.510716,-1.140375,-1.779399,-1.324041,-0.599797,-0.660096,-0.452088,1.290779,3.499231,6.529288,5.172770,7.515345,5.590356,-1.659590,-7.443749,-10.069462,-9.149257,-4.282505,-3.192627,-1.419994,0.022958,-0.018134,-0.566861,0.068676,1.275049,2.798626,6.511064,10.694311,12.574774,6.452562,7.749862,1.198678,-4.453217,-6.018366,3.082330,
-36.397296,-17.629997,-7.822993,-2.533122,1.685237,7.264824,14.447581,14.084438,24.423679,25.531895,11.800660,-3.228651,-16.324996,-13.596640,-18.796557,-15.513783,-7.568891,-1.263672,4.538360,5.177296,1.168371,-0.875416,-3.917192,-5.018031,-4.133029,-2.994839,-2.860839,-3.288714,-3.687062,-4.068799,-3.183659,-0.839325,0.531037,1.836109,4.462555,3.561377,0.298570,0.063738,-1.618386,-0.837339,-0.534508,-2.485127,-1.285859,0.967362,-0.044590,-0.288172,-1.008993,1.126471,-1.267081,-0.665960,1.130054,0.662294,2.223857,2.206249,1.931957,0.139863,-1.864050,-2.219396,-1.709643,-1.455634,-1.090846,-0.402965,-1.142263,-0.713712,0.085147,-0.115180,-0.457418,0.628604,1.979303,3.136731,2.942437,5.168562,3.806605,-1.224272,-4.160123,-5.500386,-5.525719,-2.317799,-2.374522,-1.099905,0.108785,-0.009818,-0.580643,-0.027179,0.983343,2.142905,4.227569,6.183931,8.060115,3.579005,5.994183,1.759635,-1.091889,-1.360351,6.745842,
-36.565562,-17.484122,-7.520675,-2.088042,2.339325,7.839153,15.016013,14.653183,25.235172,26.145005,11.243931,-5.125617,-18.095784,-11.681205,-18.461373,-15.233082,-8.001985,-2.640453,2.916077,4.443874,1.074062,-1.086841,-4.342080,-5.454186,-4.262087,-2.779629,-2.264755,-2.384686,-2.905930,-4.406322,-3.040634,-0.649670,0.867154,2.013794,3.934618,2.926327,-0.109085,-0.054384,-0.708344,-0.278156,0.117281,-2.121779,-1.466878,0.912820,-0.052578,0.726130,-1.230799,0.650346,-1.346711,-0.969870,1.407695,0.718525,1.245702,1.199807,1.194972,-0.247717,-2.236267,-1.436186,-0.888636,-0.494979,-1.092467,-0.503301,-0.794160,-0.347283,0.330758,0.025362,-0.576976,0.187090,0.999798,2.225885,1.940881,3.733060,2.590276,-0.998476,-2.523452,-3.200536,-3.505236,-1.691920,-1.828487,-0.887421,0.054435,-0.068334,-0.528053,-0.051278,0.705309,1.502754,2.847101,3.851485,5.422711,2.015946,4.566844,1.662161,0.612356,0.922908,9.286466,
-37.193247,-17.004839,-7.044436,-1.427407,3.556054,11.028117,13.908339,14.101151,20.220653,19.047367,6.130178,-6.490208,-13.488620,-9.692601,-11.877113,-10.792477,-6.559023,-2.713814,0.062347,1.667082,0.966963,-1.489866,-4.094069,-5.028396,-3.815751,-2.348010,-1.976696,-2.644555,-3.086035,-3.761707,-2.773894,-1.018701,1.134034,2.786336,3.233260,2.069750,0.478657,-0.005068,0.232415,0.158791,-0.164799,-0.846280,-0.645698,0.166775,0.277788,0.285387,-0.360105,-0.184260,-0.509626,-0.208203,0.532459,0.587066,0.659459,0.462299,0.631912,0.289993,-0.564287,-0.729613,-0.931502,-0.890899,-0.867953,-0.520251,-0.084762,0.152187,0.283157,0.012756,-0.298283,-0.100729,0.355475,1.256640,1.273211,1.526531,0.868348,-0.358362,-1.289360,-1.797735,-1.714011,-1.236408,-0.926251,-0.691418,-0.421289,-0.330622,-0.168847,0.175160,0.380567,0.843056,1.140249,1.470025,1.988477,1.577322,2.264630,1.843355,1.896502,3.665095,11.241651,
-37.116914,-16.818897,-6.773090,-0.996151,4.738607,12.123678,14.289635,11.785353,11.916546,7.978752,-0.231437,-3.970095,-6.304457,-4.521413,-6.031655,-6.752419,-5.943973,-3.532887,-0.556082,1.258662,0.649836,-1.710828,-4.072364,-4.861527,-3.523749,-1.837029,-1.434136,-2.273897,-2.978785,-4.127287,-3.003818,-1.388629,1.121152,2.977190,3.148748,1.955845,0.793012,0.367870,0.604677,0.426730,-0.206731,-0.500101,-0.354992,0.219771,0.364095,0.148966,-0.041943,-0.131651,-0.121344,-0.031796,0.161677,0.294958,0.246633,0.179064,0.478983,0.485072,0.026789,-0.502440,-0.826388,-0.842893,-0.515210,0.067610,0.243717,0.326649,0.286177,0.030074,-0.221376,-0.204825,0.020828,0.441855,0.691327,0.728799,0.311306,-0.223383,-0.790775,-1.122166,-0.923795,-0.388578,-0.562813,-0.473613,-0.478975,-0.358746,-0.097448,0.136682,0.049837,-0.136978,0.157532,0.417311,0.851004,1.163408,1.618455,1.831131,2.308543,4.207928,11.735925,
-36.838155,-16.790108,-6.608052,-0.577012,5.951409,13.009603,13.704952,8.879592,5.649697,0.177786,-3.901249,-0.690067,0.009763,-1.562203,-1.808774,-4.531438,-6.693701,-4.637787,-0.359413,1.506602,0.405382,-1.537478,-4.178772,-4.832672,-3.291102,-1.244262,-0.600044,-1.466433,-2.845098,-4.808437,-3.609545,-1.980465,0.974630,3.195476,3.386622,2.054912,0.888052,0.846176,0.753005,0.383439,-0.216569,-0.410852,-0.211733,0.324481,0.520867,0.075982,0.137047,0.247595,0.101507,0.013417,-0.046874,-0.147897,0.009204,0.166982,0.418726,0.419289,0.171568,-0.309379,-0.546093,-0.660548,-0.237830,0.584543,0.295701,0.305278,0.153747,0.040082,-0.058234,-0.147031,0.018712,0.091238,0.262291,0.351950,0.081662,-0.200289,-0.528771,-0.673371,-0.555250,-0.133793,-0.329372,-0.490825,-0.475811,-0.258594,-0.075715,-0.026708,-0.166119,-0.658401,-0.160992,0.003943,0.425371,0.889322,1.281064,1.762639,2.354454,4.087590,11.771924,
-36.762533,-16.772889,-6.561452,0.093108,7.035728,13.837772,11.534199,6.011475,3.755176,-1.055209,-4.246951,0.709778,1.971219,-1.425612,-0.995170,-4.902966,-7.826308,-4.266505,1.522190,2.605724,0.216949,-1.710267,-4.377292,-4.987719,-3.114912,-0.573419,0.305366,-0.613848,-2.474768,-5.595834,-4.412754,-2.572106,0.686908,3.416183,3.741366,2.294696,0.962265,0.894724,0.625504,0.287823,-0.270251,-0.477731,-0.031015,0.457930,0.609600,0.053417,0.348036,0.515440,0.318925,0.025301,-0.260516,-0.438125,-0.230682,0.164936,0.358080,0.346918,0.125971,-0.061659,-0.243081,-0.420570,0.001218,0.504687,0.220530,0.100520,0.057792,0.034775,0.029940,0.055097,0.100664,0.206345,0.077229,0.036286,-0.095253,-0.277665,-0.294209,-0.425347,-0.348560,-0.411578,-0.377301,-0.519215,-0.496513,-0.322714,0.000574,-0.049198,-0.169330,-0.540830,-0.259618,-0.145053,0.242863,0.762899,1.192846,1.725762,2.324045,3.929367,11.660421,
-36.746888,-16.840540,-6.143149,0.641318,7.821763,13.702722,9.740198,4.327447,3.232614,-0.454053,-3.507344,0.644045,1.571527,-1.391668,-2.794538,-7.003795,-8.177275,-2.137853,4.479808,4.213280,0.207429,-2.304697,-4.870967,-5.196751,-3.037979,-0.161223,1.120247,0.221893,-2.012712,-6.089891,-5.136230,-3.126296,0.387934,3.644055,4.176558,2.358766,0.917024,0.687892,0.447844,0.066806,-0.348808,-0.482115,0.084651,0.707404,0.758077,0.249861,0.394850,0.438008,0.306542,0.025435,-0.252516,-0.371710,-0.291528,-0.046457,0.212785,0.183259,0.118667,0.127697,-0.118959,-0.026627,0.154934,0.495817,0.114684,-0.126082,-0.029384,0.024733,0.098558,0.264385,0.180081,0.160298,-0.160800,-0.180426,-0.300304,-0.197671,-0.152393,-0.158643,-0.245606,-0.551479,-0.510542,-0.547207,-0.485661,-0.234512,-0.076921,-0.044716,-0.045570,-0.401277,-0.369739,-0.146550,0.089613,0.713609,1.276262,1.733768,2.323855,3.970057,11.523966,
-36.712582,-16.556324,-5.750263,1.330509,8.430016,11.670686,9.003937,3.230160,2.203408,-0.324909,-2.409082,1.132043,1.402171,-1.260827,-5.245547,-9.010804,-7.569603,0.198258,6.416088,5.023104,0.338516,-2.339643,-5.132039,-5.596280,-3.055208,0.204421,1.730669,0.946519,-1.622733,-6.314622,-5.620280,-3.574117,0.133951,3.833902,4.514261,2.544023,0.774547,0.421728,0.179922,-0.084107,-0.426203,-0.463061,0.208001,0.960455,0.921538,0.475523,0.282450,0.299468,0.117083,0.028064,-0.058568,-0.234885,-0.190277,-0.301505,-0.024086,0.174092,0.116008,0.133363,0.104692,0.260331,0.251528,0.491180,-0.065583,-0.259114,-0.096171,0.008682,0.138366,0.373945,0.307777,-0.008531,-0.295527,-0.423733,-0.411707,-0.195212,-0.066184,0.075990,-0.096850,-0.368390,-0.383189,-0.511330,-0.458568,-0.200826,-0.074602,-0.031603,-0.117547,-0.396725,-0.395083,-0.255930,0.134804,0.688546,1.278751,1.725737,2.305174,3.930026,11.352728,
-36.391561,-16.103535,-5.303777,2.483874,8.160042,8.175857,6.842390,0.988932,0.397904,0.084259,-0.771696,1.442654,0.319874,-1.817124,-6.323939,-8.720171,-5.225160,2.767720,7.759504,5.638050,0.714302,-2.290177,-5.420801,-5.926766,-3.168840,0.391062,2.155648,1.447502,-1.293171,-6.258445,-5.962071,-3.848005,0.032877,3.891803,4.758209,2.623048,0.751916,0.319417,0.052329,-0.212888,-0.569621,-0.408888,0.403098,1.088728,1.060525,0.761631,0.147957,0.038355,-0.089659,0.046542,0.185693,0.047313,-0.056539,-0.620925,-0.190955,0.019598,0.115827,0.275750,0.217149,0.364644,0.265561,0.036395,-0.147142,-0.409441,-0.176281,-0.034570,0.156666,0.503874,0.355762,0.296968,-0.269199,-0.567913,-0.475893,-0.229927,-0.033349,0.154938,0.081761,-0.168961,-0.401108,-0.480194,-0.422617,-0.171039,-0.042008,0.085669,-0.078858,-0.418114,-0.297631,-0.259842,0.116412,0.572635,1.239098,1.695994,2.265802,3.892013,11.027969,
-35.571886,-15.560205,-4.690403,2.818364,7.019672,4.132067,2.717704,-2.314097,-1.487753,0.505902,0.356464,0.767559,-1.214424,-2.390867,-5.499846,-6.072903,-1.391461,5.586615,9.412177,6.504481,1.162556,-3.152937,-5.708009,-6.144796,-3.011051,0.594533,2.328825,1.791402,-1.220511,-6.282467,-6.337981,-3.713309,0.032831,3.830103,4.899587,2.581826,0.810118,0.255133,-0.049149,-0.399176,-0.570325,-0.227910,0.482559,1.093602,1.126440,0.813663,0.115466,-0.187167,-0.103038,0.093053,0.307235,0.320733,-0.031175,-0.790745,-0.262983,-0.006090,0.131544,0.299557,0.266360,0.434375,0.057708,-0.450330,-0.256957,-0.290172,-0.282186,-0.151245,0.122803,0.416919,0.542122,0.777630,-0.178117,-0.440019,-0.484283,-0.362651,-0.010087,0.077994,-0.034726,-0.111186,-0.328192,-0.390506,-0.343958,-0.135015,-0.039891,0.023221,0.070318,-0.141617,-0.317360,-0.255082,0.097051,0.632159,1.197010,1.644023,2.167859,3.592461,10.935817,
-33.549796,-14.901763,-4.185937,2.183405,4.087006,-0.787185,-2.322208,-3.686798,-2.376817,-0.219612,0.631758,0.360927,-0.732858,-2.098620,-3.019860,-2.712108,1.454491,7.572228,10.532227,6.779713,0.761817,-4.285708,-5.680628,-6.708270,-1.625653,1.030069,1.645043,2.651885,-1.527808,-6.667277,-7.341110,-2.431533,0.062107,3.344933,5.421651,2.113495,0.688254,0.095337,-0.150840,-0.520253,-0.425591,-0.042064,0.464764,0.835751,0.705881,0.722178,0.258407,0.103211,0.220776,0.183860,0.311358,0.120411,-0.161158,-0.703266,-0.242360,0.078872,0.200326,0.196784,0.284669,0.284160,0.003058,-0.380600,0.218688,0.130892,-0.157849,-0.489899,-0.353086,0.266679,0.465581,0.876859,0.130988,-0.304361,-0.459777,-0.443312,-0.248769,-0.274237,-0.221234,0.002573,-0.115847,-0.152483,-0.135249,-0.073381,-0.031532,-0.007158,0.001795,-0.002454,-0.271860,-0.190119,-0.039533,0.561835,1.023152,1.560958,2.090795,3.460399,10.718697,
-31.074907,-13.364043,-5.105707,-1.361913,-0.382438,-4.997267,-3.913806,-3.386786,-1.973836,-0.222920,0.435864,0.028087,-0.420985,-0.466752,-1.099646,-0.231907,3.427447,8.975871,10.772455,6.450684,0.326936,-4.145345,-5.623392,-6.845300,-1.422305,1.087233,1.671742,3.148712,-1.435036,-7.124013,-7.818047,-2.365722,-0.100155,3.193340,5.536519,2.164563,0.697379,0.171322,-0.226948,-0.401343,-0.316599,0.008368,0.383928,0.600077,0.617102,0.558615,0.272121,0.197943,0.329326,0.233483,0.319231,0.088671,-0.138228,-0.515412,-0.229226,-0.096301,0.007768,0.132326,0.056926,0.074559,0.043461,0.016471,0.487064,0.309427,-0.109902,-0.591801,-0.502732,0.200891,0.493487,1.156666,0.214087,-0.129720,-0.387760,-0.468431,-0.425070,-0.356137,-0.187855,-0.044607,-0.050964,-0.060524,-0.054223,-0.035495,-0.022372,-0.022832,-0.048402,-0.120236,-0.238128,-0.320359,-0.129972,0.488898,0.936734,1.487766,2.055303,3.448026,10.694327,
-29.721971,-12.648222,-6.951753,-5.686427,-4.287528,-5.241537,-3.329799,-1.975880,-1.038749,-0.231698,0.107101,-0.178573,-0.201652,-0.063449,0.197073,1.449269,4.828945,9.730458,10.714639,5.869094,-0.065445,-4.070512,-5.414359,-6.683743,-1.275772,1.208823,1.932497,3.440407,-1.265305,-7.453093,-8.129981,-2.705745,-0.272637,3.028633,5.658054,2.232667,0.734507,0.226734,-0.160137,-0.285526,-0.131673,0.021371,0.202212,0.444071,0.494290,0.472353,0.254291,0.221162,0.364340,0.256964,0.333716,0.109532,-0.059679,-0.289653,-0.209973,-0.303215,-0.196417,-0.164315,-0.228482,-0.037930,0.108564,0.452167,0.686606,0.408026,-0.081220,-0.620320,-0.553521,0.166197,0.485399,1.201264,0.347344,-0.136656,-0.238079,-0.412894,-0.389885,-0.250056,-0.250439,0.030771,-0.014256,-0.022337,-0.019833,-0.014191,-0.013432,-0.027757,-0.084075,-0.272467,-0.400134,-0.416207,-0.209586,0.397180,0.853957,1.350010,2.050425,3.580055,10.733891,
-29.747525,-13.513449,-8.992094,-8.217502,-5.561042,-2.921790,-2.228268,-1.385334,-0.607199,0.121701,-0.002942,-0.199538,-0.228956,0.222890,0.682536,2.021119,5.375270,9.957268,10.532746,5.490544,-0.430392,-4.198557,-5.257002,-6.154104,-0.558109,1.840231,2.197052,3.357036,-1.576016,-7.877747,-8.448941,-2.836672,-0.410841,2.985673,5.687673,2.339364,0.775138,0.306083,0.058596,-0.113476,-0.027430,0.025653,0.099723,0.259454,0.253588,0.374874,0.219847,0.216776,0.371845,0.267041,0.348960,0.145597,0.037736,-0.044992,-0.156457,-0.388417,-0.452380,-0.471385,-0.394190,-0.123286,0.057067,0.783983,0.813436,0.461273,-0.064824,-0.628687,-0.577173,0.129086,0.409616,1.004143,0.325205,-0.107885,-0.182614,-0.317731,-0.215082,-0.175020,-0.244334,-0.073379,-0.033505,-0.019451,-0.011893,-0.007779,-0.008856,-0.019871,-0.054690,-0.154158,-0.422305,-0.489282,-0.301902,0.204717,0.783107,1.391826,2.074939,3.655459,10.775969,
-30.410604,-15.146786,-10.106072,-8.148618,-4.687186,-2.077141,-1.670539,-1.094831,-0.501021,-0.139218,-0.041190,0.005757,0.167628,0.674244,0.771498,1.962348,5.193445,9.889427,10.413051,5.377807,-0.706187,-4.655425,-5.124811,-5.232224,0.967954,3.165043,2.626068,2.727861,-2.682958,-8.898364,-8.546546,-2.647206,-0.183525,3.066459,5.648063,2.182162,0.742513,0.362544,0.238032,0.246583,0.094937,0.029624,-0.018020,-0.106559,0.054776,0.282068,0.178931,0.199886,0.365979,0.267715,0.359455,0.180562,0.133729,0.197252,-0.089252,-0.380213,-0.530705,-0.660912,-0.484328,-0.188472,0.032828,0.782855,0.819669,0.467724,-0.061713,-0.631706,-0.591109,0.089991,0.297850,0.660856,0.262402,0.006151,-0.191570,-0.152150,-0.121378,-0.110077,-0.121127,-0.094268,-0.048010,-0.021853,-0.007401,-0.000432,0.000592,-0.000703,0.003365,0.029879,-0.405569,-0.618024,-0.386354,0.086456,0.692581,1.252127,2.074518,3.806434,10.831456,
-32.104548,-16.475215,-10.107406,-6.599593,-3.395055,-1.926507,-1.324845,-1.006700,-0.477428,-0.213384,-0.039096,0.116601,0.347534,0.952946,0.814110,1.722713,4.971502,9.659560,10.228563,5.110471,-1.059218,-5.471037,-5.121587,-4.156076,3.031947,5.174549,3.117039,1.569829,-4.337038,-9.941403,-8.360129,-2.279212,0.221396,3.292550,5.503992,1.932521,0.651648,0.401331,0.442546,0.407981,0.189018,0.030898,-0.111407,-0.273398,-0.170145,0.187717,0.132726,0.172459,0.347389,0.256180,0.357600,0.201372,0.207719,0.396974,-0.083613,-0.248884,-0.462452,-0.549832,-0.483600,-0.292748,0.037309,0.462357,0.716612,0.435303,-0.066901,-0.626456,-0.590268,0.070343,0.234072,0.478442,0.232036,0.067742,-0.039232,-0.071783,-0.083316,-0.091597,-0.113293,-0.196083,-0.074072,-0.027227,-0.000644,0.012234,0.012408,0.012276,0.040848,0.170881,-0.366496,-0.558817,-0.439799,-0.097510,0.597920,1.172286,2.042701,3.862097,10.871807,
-33.780398,-17.214947,-9.695184,-5.411750,-2.577760,-1.648833,-1.041748,-0.743266,-0.491855,-0.328889,-0.034976,0.239561,0.395861,0.527360,0.870247,1.876436,5.109723,9.589063,9.993985,4.520669,-1.867668,-6.904468,-5.490458,-3.161920,4.910656,6.978569,3.542689,0.514946,-5.638166,-10.226365,-7.748642,-1.862416,0.766483,3.478397,5.410372,1.681555,0.473648,0.414168,0.494837,0.498808,0.341994,0.031967,-0.264443,-0.369345,-0.239552,0.112796,0.080700,0.126668,0.305739,0.222228,0.329177,0.191419,0.236788,0.483595,0.064724,-0.239583,-0.311356,-0.439013,-0.408093,-0.206082,-0.021850,0.103354,0.583324,0.386186,-0.066828,-0.594374,-0.557758,0.080910,0.250310,0.588847,0.278839,0.124058,0.019879,-0.054020,-0.098529,-0.116054,-0.115983,-0.105640,-0.064826,-0.021210,0.028560,0.054966,0.042113,0.014147,0.013598,0.053572,-0.397570,-0.661144,-0.485418,-0.171328,0.510567,1.065151,1.916673,3.960340,10.924797,
-33.927428,-16.979324,-9.211728,-5.224793,-3.074679,-2.123262,-1.135572,-0.404534,-0.221579,-0.266433,-0.025411,0.125172,0.211987,0.241684,0.851172,2.122207,5.368362,9.577518,9.733324,4.115054,-2.742161,-8.454702,-6.217032,-2.641012,5.696022,7.936592,3.735171,0.214154,-6.101528,-9.805608,-6.772749,-1.445707,1.254312,3.657937,5.173887,1.546453,0.492000,0.563302,0.433335,0.560285,0.350115,0.033968,-0.267643,-0.423359,-0.163698,-0.018778,0.006464,0.035071,0.210272,0.145583,0.242127,0.123139,0.221448,0.510727,0.131929,-0.107951,-0.316803,-0.262936,-0.255980,-0.240228,-0.039771,-0.020134,0.473825,0.323147,-0.043982,-0.482123,-0.448963,0.101870,0.269700,0.699589,0.354012,0.212587,0.063009,-0.100550,-0.205865,-0.235894,-0.207836,-0.118904,-0.106181,-0.040607,0.094982,0.168637,0.110395,-0.006276,-0.049186,-0.065509,-0.367732,-0.601886,-0.466182,-0.196556,0.379457,0.858334,1.893339,3.917718,11.002929,
-32.088184,-14.938950,-8.292382,-6.557462,-4.867600,-3.480498,-1.696597,-0.814930,-0.395072,-0.153449,0.052014,0.152975,0.224276,0.588694,0.759266,1.839955,5.153028,9.581575,9.677609,3.936589,-3.024517,-8.989412,-8.179869,-1.758048,3.926662,7.530187,3.530853,1.695065,-4.980656,-9.614837,-5.228861,-1.386045,1.866162,4.056850,4.116736,1.907562,0.744418,0.767889,0.404221,0.287922,0.167072,0.033180,-0.081483,-0.131545,-0.076037,-0.038309,-0.061569,-0.174491,-0.023975,0.004764,0.008468,-0.084895,0.159582,0.496304,0.136170,-0.090565,-0.284779,-0.223677,-0.295102,-0.109010,0.088345,0.410528,0.283527,0.165074,0.013233,-0.121357,-0.105010,0.063620,0.215317,0.489417,0.455414,0.448503,0.161430,-0.272907,-0.527774,-0.575729,-0.506614,-0.144603,-0.282325,-0.169053,0.274871,0.516046,0.301613,-0.112996,-0.179615,0.049296,-0.135403,-0.269042,-0.361905,-0.125259,0.089537,0.680992,1.642212,3.563595,11.308276,
-30.639167,-13.187326,-7.404891,-6.982268,-5.920031,-4.906897,-2.449505,-1.284079,-0.636418,-0.091534,-0.243532,-0.207564,0.090704,0.472090,0.776484,2.133021,5.215831,9.899759,9.870132,3.863471,-3.266136,-9.263748,-9.125077,-2.226941,2.764164,6.726497,3.489892,2.329259,-4.073770,-8.672345,-4.458220,-1.081732,2.215360,4.081565,3.874150,1.947171,0.815616,0.820485,0.386312,0.204958,0.105255,0.034210,-0.015300,-0.035860,-0.026724,-0.028699,-0.087793,-0.246553,-0.152872,-0.107610,-0.121850,-0.161278,0.121302,0.471981,0.098292,-0.164761,-0.172842,-0.195874,-0.260636,-0.052974,0.157907,0.522954,0.268161,0.148206,0.061748,0.006968,0.013526,0.079552,0.178121,0.387788,0.305324,0.206763,-0.030355,-0.309978,-0.381637,-0.377831,-0.385746,-0.278410,-0.368733,-0.206112,0.333476,0.625771,0.369285,-0.124681,-0.199978,0.093360,-0.045290,-0.159778,-0.311318,-0.118892,0.003017,0.594610,1.541863,3.472591,11.365161,
-30.046100,-12.015233,-6.054324,-5.913125,-5.621424,-6.303766,-3.490396,-2.059901,-1.178853,-0.427897,-0.366362,-0.439517,-0.053115,0.236724,0.797018,2.152471,5.111871,10.072717,10.037071,3.724671,-3.265123,-8.841444,-9.802858,-3.212277,1.409148,5.610525,3.131177,2.917791,-3.074343,-7.195921,-3.666845,-0.843664,2.378272,4.211712,3.739676,1.940352,0.804023,0.810775,0.366034,0.173296,0.082911,0.035261,0.010716,0.005044,0.014476,0.017220,-0.075003,-0.213826,-0.333241,-0.231448,-0.308793,-0.144021,0.100699,0.444119,0.010506,-0.082998,-0.158837,-0.256780,-0.149356,-0.031947,0.182189,0.560305,0.292013,0.194120,0.118350,0.077712,0.080969,0.115677,0.149083,0.314803,-0.151953,-0.290091,-0.211912,-0.249349,-0.048466,0.100212,-0.113908,-0.398104,-0.429014,-0.228166,0.348357,0.659591,0.393794,-0.120576,-0.198455,0.112287,-0.011249,-0.122307,-0.291595,-0.120266,-0.026238,0.558187,1.503259,3.444684,11.374495,
-31.103833,-12.346615,-4.479364,-2.708489,-2.883863,-6.494367,-4.360374,-3.608968,-2.343759,-1.386585,-0.594351,-0.374497,-0.123629,-0.098919,0.570373,2.029702,4.894075,9.979786,10.065497,4.026596,-2.767698,-8.000169,-10.420792,-4.262936,-0.074764,3.982422,2.569846,3.366213,-1.890609,-5.644451,-2.991894,-0.476685,2.421098,4.243080,3.750271,2.016623,0.696421,0.745947,0.331705,0.151928,0.071675,0.035936,0.024515,0.033806,0.071760,0.169708,-0.065764,-0.344375,-0.436240,-0.329431,-0.420284,-0.298733,0.051282,0.444199,0.106890,-0.073722,-0.229520,-0.171829,-0.144380,-0.127458,0.165526,0.572142,0.333683,0.343739,0.216777,0.155590,0.171049,0.231359,0.089254,0.038466,-0.524273,-0.674770,-0.415651,-0.066774,0.311834,0.489515,0.150084,-0.516374,-0.482456,-0.249396,0.346571,0.667566,0.402050,-0.116107,-0.194221,0.120907,0.001201,-0.110053,-0.285559,-0.122642,-0.037686,0.543016,1.487946,3.434566,11.375515,
-33.294618,-13.982559,-3.398889,1.133419,1.312207,-3.735739,-4.089869,-4.887469,-4.704873,-3.065529,-1.668181,-0.584124,-0.049099,-0.621403,0.467442,1.880436,4.720153,9.566331,10.352193,5.063684,-1.573357,-7.504152,-10.863441,-5.559434,-1.400077,2.168977,2.040085,3.754120,-0.910686,-4.345290,-2.559362,-0.245982,2.577768,4.207171,3.829078,1.953482,0.713644,0.596120,0.278840,0.129925,0.062606,0.035731,0.033745,0.056467,0.117283,0.245215,-0.063201,-0.373631,-0.506405,-0.448044,-0.501540,-0.354333,0.001268,0.430731,0.115434,-0.140868,-0.145164,-0.168614,-0.224653,-0.059782,0.152473,0.570649,0.348535,0.337075,0.391293,0.259553,0.331100,0.181082,-0.006407,-0.228415,-0.619545,-0.869733,-0.451540,0.056418,0.570761,0.682222,0.314072,-0.640603,-0.531677,-0.271271,0.336365,0.664233,0.403419,-0.111979,-0.189146,0.125519,0.004473,-0.108622,-0.286695,-0.126606,-0.044008,0.535606,1.480433,3.429478,11.375975,
-35.339143,-15.414562,-3.613734,3.326912,4.754948,1.146793,-1.948485,-4.653471,-6.392813,-5.962596,-3.498226,-1.654980,-0.466768,-0.614517,0.369007,1.582439,4.161066,8.652218,10.512512,6.540918,0.376001,-6.291254,-11.006108,-6.710303,-2.990271,0.849722,1.579947,4.163242,-0.238825,-3.856055,-2.233059,-0.126402,2.548188,4.292031,3.762178,2.006138,0.592119,0.516208,0.238856,0.110851,0.053890,0.034047,0.040702,0.078967,0.174885,0.398441,-0.104340,-0.309307,-0.581534,-0.751914,-0.595746,-0.329439,-0.116793,0.405785,0.136117,-0.034043,-0.136628,-0.245333,-0.152415,-0.074856,0.038915,0.546530,0.380850,0.488914,0.491162,0.331995,0.410013,0.285234,-0.073799,-0.480810,-0.748829,-0.742547,-0.341735,0.227187,0.581318,0.767809,0.222491,-0.697820,-0.561258,-0.292473,0.315788,0.649523,0.400713,-0.103658,-0.178420,0.130136,0.001359,-0.116199,-0.295351,-0.135137,-0.050599,0.530058,1.473136,3.422797,11.378053,
-36.308903,-16.075198,-4.840765,2.891466,5.921336,5.650226,1.529222,-2.293269,-6.174996,-8.040634,-6.453788,-3.132520,-1.406203,-0.573871,0.304140,0.997193,2.932666,6.760971,9.890491,7.664353,2.415543,-2.985664,-10.288283,-7.509792,-4.538290,0.128458,1.404019,4.435214,-0.030633,-3.878634,-2.278061,-0.102859,2.567456,4.297789,3.752917,1.980965,0.554113,0.456245,0.204752,0.092742,0.043067,0.028114,0.043082,0.096794,0.222709,0.497585,0.002305,-0.387133,-0.628408,-0.839413,-0.668358,-0.463906,-0.094167,0.405813,0.147818,-0.016795,-0.213657,-0.164315,-0.162579,-0.173984,0.084136,0.522029,0.394575,0.552919,0.556708,0.386809,0.441887,0.286568,-0.151194,-0.678410,-0.608971,-0.453565,-0.092731,0.255042,0.632976,0.531771,0.121706,-0.717771,-0.570789,-0.318864,0.266184,0.607638,0.393153,-0.076933,-0.146286,0.139629,-0.013280,-0.141035,-0.318384,-0.155709,-0.061001,0.525355,1.458636,3.401675,11.384964,
-36.629180,-16.587484,-5.615436,1.362220,5.485923,8.324048,4.574383,0.577682,-4.867782,-8.518758,-8.099174,-5.043310,-2.353355,-0.936693,0.121998,0.374375,1.804508,4.378607,8.691657,7.974933,4.025461,0.643974,-8.829146,-7.728935,-5.532640,-0.190549,1.489075,4.207461,0.002180,-4.127215,-2.297738,-0.085310,2.659991,4.231588,3.798670,1.859820,0.585679,0.329300,0.164078,0.072212,0.025112,0.010251,0.035001,0.107011,0.271334,0.653345,-0.003114,-0.355305,-0.604742,-0.822872,-0.691531,-0.542850,-0.254911,0.394477,0.162097,0.020135,-0.156363,-0.140953,-0.265912,-0.133030,0.013234,0.370360,0.384064,0.617938,0.642622,0.472147,0.455459,0.234435,-0.247847,-0.886057,-0.437097,-0.147161,0.111219,0.425869,0.542791,0.431414,0.001340,-0.641814,-0.538210,-0.360679,0.124240,0.484407,0.375833,0.014951,-0.043050,0.162232,-0.062639,-0.211289,-0.371627,-0.209808,-0.077877,0.533537,1.423617,3.316767,11.409526,
-36.953974,-16.715682,-5.976335,0.043053,4.314521,10.091399,6.143707,2.046076,-3.500177,-7.331652,-7.852759,-6.243904,-3.546510,-1.535047,-0.197462,-0.116400,0.769215,3.235063,7.413631,7.430853,4.574623,1.828287,-5.660671,-7.919258,-5.484540,-1.093930,2.599532,2.741388,-0.112101,-3.723031,-2.112193,-0.098988,2.597195,4.297107,3.684944,1.760693,0.494532,0.323252,0.155124,0.052303,-0.010454,-0.042285,0.001290,0.094992,0.283208,0.712427,0.195091,-0.145575,-0.494171,-0.656541,-0.662412,-0.590906,-0.412106,-0.029598,0.191171,0.102944,0.127755,-0.066961,-0.276604,-0.185285,-0.252795,-0.233605,0.405070,0.778730,0.825355,0.715187,0.453525,0.072735,-0.362480,-1.210519,-0.394770,0.091091,0.329892,0.552191,0.512897,0.405601,0.083873,-0.177380,-0.407941,-0.416742,-0.321487,0.110902,0.333223,0.330733,0.292887,0.206040,-0.228897,-0.410546,-0.472304,-0.372053,-0.101147,0.627440,1.350332,2.950103,11.514254,
-36.846311,-17.154726,-6.495579,-0.982154,3.018076,8.481417,6.616126,4.106568,-0.024603,-3.936683,-6.585803,-7.411729,-5.308935,-2.436338,-1.458461,-0.964674,0.249056,2.054988,4.818210,5.260932,4.311355,4.159536,-1.679440,-5.036907,-5.225833,-2.464421,0.678769,1.350179,-0.137763,-2.711469,-1.108775,0.740364,2.694890,3.814827,3.144731,1.625860,0.668006,0.530412,0.187991,0.032515,-0.078180,-0.193015,-0.076543,0.057036,0.249339,0.628710,0.339514,-0.031904,-0.384343,-0.567305,-0.634562,-0.621248,-0.526480,-0.310616,0.135063,0.137953,0.189101,-0.033444,-0.260038,-0.209159,-0.257526,-0.039854,0.459821,0.756868,0.677614,0.540371,0.341461,0.002807,-0.316404,-0.872178,-0.263254,0.132571,0.273492,0.266731,0.365538,0.333812,0.151173,0.127422,-0.261519,-0.341061,-0.275866,0.029759,0.224145,0.384576,0.349266,0.205107,-0.288529,-0.485071,-0.527167,-0.426663,-0.117903,0.635938,1.315520,2.865418,11.539517,
-36.638175,-17.632492,-7.098710,-2.117057,1.284763,5.248668,5.805597,5.729227,4.150666,1.230343,-3.214706,-7.025839,-7.130181,-3.517820,-3.690195,-2.100908,-0.663100,0.801282,2.038325,2.767200,3.502738,5.512631,2.266887,-0.892908,-3.555713,-3.715178,-1.928930,-0.631776,-0.764013,-1.437116,0.499657,1.998654,2.839685,2.972541,2.399319,1.470105,0.978683,0.771713,0.155639,-0.012357,-0.195957,-0.181734,-0.219019,0.001740,0.198872,0.590763,0.265597,0.033993,-0.184063,-0.452465,-0.588689,-0.624023,-0.587890,-0.500591,0.096416,0.219905,0.129933,-0.019657,-0.171762,-0.270388,-0.174227,0.376944,0.512318,0.577248,0.517930,0.264834,0.072057,-0.089565,-0.250392,-0.190360,-0.082107,0.002908,0.026729,0.053149,0.070888,0.109887,0.154633,0.353233,-0.086310,-0.119773,-0.132555,0.081912,0.301482,0.371891,0.224894,0.163654,-0.321773,-0.517172,-0.552966,-0.448033,-0.128201,0.631649,1.301441,2.844673,11.546850,
-36.410911,-17.991688,-7.784704,-3.011491,-0.094700,2.180655,3.767500,5.340721,6.618499,6.016744,1.955159,-3.607910,-5.895483,-5.163600,-6.439773,-4.430071,-2.004700,-0.179709,0.114515,1.112726,2.248604,4.334772,4.450497,2.604701,-1.082242,-3.140193,-3.219324,-2.618143,-1.863746,-0.576690,1.867243,3.174998,2.975983,2.197422,1.505149,1.319205,1.125297,0.880033,0.287083,-0.057430,-0.124980,-0.241677,-0.244493,-0.026083,0.089258,0.620406,0.270962,0.107668,-0.057579,-0.250867,-0.512823,-0.588911,-0.565227,-0.479855,0.087595,0.147400,0.221441,-0.010861,-0.246348,-0.178757,-0.128887,0.426771,0.454367,0.381258,0.370315,0.100260,-0.183064,-0.243904,-0.049696,0.319755,0.066924,-0.064971,-0.205520,-0.115838,-0.196863,-0.043979,0.111632,0.409505,0.143162,0.000451,0.218118,0.188060,0.209752,0.300290,0.160799,0.129531,-0.343053,-0.532945,-0.564832,-0.457133,-0.134062,0.627173,1.295099,2.838674,11.549440,
-36.321396,-18.219616,-8.089320,-3.460697,-0.838338,0.792969,1.715858,3.125835,5.994087,8.286364,6.659497,1.830192,-2.266228,-4.591524,-8.386098,-7.973095,-4.027547,-1.284996,-0.848878,0.104541,1.075176,2.320352,4.256101,3.875490,1.559440,-0.951607,-2.647567,-3.872324,-3.137539,-0.169826,2.517505,3.799050,3.040471,1.728426,1.091652,1.006244,1.021111,0.864879,0.344869,0.092001,-0.096121,-0.061311,-0.133244,0.033921,0.150448,0.382067,0.265062,0.251392,0.055421,-0.151965,-0.447670,-0.526713,-0.459533,-0.212109,0.131248,0.163776,0.249203,-0.005590,-0.263555,-0.182658,-0.146882,0.250522,0.275149,0.373943,0.204365,0.012009,-0.261305,-0.288106,-0.048243,0.625016,0.134673,-0.172332,-0.285935,-0.190632,-0.305402,-0.223805,0.006867,0.261086,0.340548,0.281997,0.442244,0.366468,0.189312,0.137255,0.093980,0.097994,-0.358779,-0.541064,-0.569435,-0.460511,-0.137632,0.622623,1.289834,2.834902,11.550681,
-36.455960,-18.190272,-8.149076,-3.620343,-1.104359,0.684849,0.372633,1.612813,3.762082,7.498136,9.019135,6.589278,2.143779,-2.045244,-8.693929,-10.408627,-6.936520,-2.991485,-1.316312,-0.305935,0.376429,1.209556,2.471738,3.390432,2.774227,1.289607,-1.232147,-3.949088,-3.489966,-0.065089,2.629403,3.771682,3.042623,1.705688,0.839844,0.735131,0.718086,0.734043,0.350701,0.226084,0.158554,0.180136,0.168975,0.167778,0.198067,0.224920,0.332360,0.222353,0.213074,-0.070009,-0.378789,-0.439872,-0.315736,-0.178425,0.049185,0.230701,0.254304,-0.010826,-0.281193,-0.268768,-0.106666,0.089196,0.200765,0.358563,0.191641,0.009037,-0.239485,-0.265194,0.018947,0.426709,0.097864,-0.073660,-0.245444,-0.181466,-0.290114,-0.172955,-0.106192,-0.051963,0.385413,0.534883,0.676917,0.366357,0.165640,0.054183,0.041639,0.067998,-0.370968,-0.542723,-0.567500,-0.458994,-0.140528,0.614634,1.279811,2.827162,11.552545,
-36.639425,-18.148981,-7.994500,-3.593052,-1.339767,0.018567,0.340223,0.827634,2.518798,5.645747,9.351605,9.343165,5.531921,-0.101410,-7.850226,-11.427145,-9.161246,-3.854163,-1.443013,-0.567445,-0.199206,0.504967,1.147254,2.029141,2.525730,2.257039,0.015049,-3.093593,-2.855589,0.250497,2.419413,3.428185,3.045293,1.800600,0.894743,0.340582,0.334805,0.440854,0.321213,0.446625,0.424475,0.570234,0.571300,0.380427,0.381560,0.139337,0.319187,0.240968,0.264517,-0.013031,-0.290799,-0.308289,-0.394016,-0.355804,0.043201,0.082458,0.185080,-0.031913,-0.258885,-0.168358,-0.175114,0.067096,0.210823,0.381403,0.317355,0.074417,-0.079023,-0.202651,-0.017655,0.207698,-0.034113,-0.026224,-0.083652,-0.119486,-0.169832,-0.182651,-0.275329,-0.256761,0.461095,0.634178,0.770498,0.495373,0.161398,-0.092043,-0.021627,0.024493,-0.380319,-0.532061,-0.553717,-0.447551,-0.143984,0.594801,1.253939,2.802791,11.560412,
-36.813483,-17.951354,-7.800462,-3.750995,-1.542250,-0.627806,0.378142,0.976332,1.565141,4.433178,8.722174,10.626220,7.559995,0.627679,-6.620074,-11.333913,-10.049905,-4.319501,-1.482617,-0.682391,-0.706276,0.220393,0.375726,0.873889,1.621529,2.003392,0.535626,-1.935906,-1.754147,0.665841,2.395189,3.113084,2.796083,1.693127,0.654919,0.133819,0.058889,0.142598,0.258100,0.588419,0.802314,0.961287,1.019858,0.649483,0.536464,0.242806,0.255103,0.317233,0.269654,0.031046,-0.137230,-0.314579,-0.338088,-0.606503,-0.093120,-0.076173,0.033696,-0.070862,-0.209374,-0.085141,-0.088946,0.190826,0.338209,0.374410,0.310780,0.096211,-0.004573,-0.064105,-0.105728,0.070800,0.082092,0.072767,0.004277,-0.120696,-0.199796,-0.235872,-0.217701,-0.280426,0.356148,0.674427,0.744481,0.485139,0.176513,-0.105505,-0.074333,-0.075772,-0.378925,-0.485219,-0.513503,-0.405916,-0.148713,0.539614,1.187304,2.714428,11.599728,
-37.055791,-17.609679,-7.614888,-3.989220,-1.972553,-0.724556,0.048681,0.747468,1.479660,3.237783,6.932793,11.410452,10.051849,1.452952,-5.114422,-11.245679,-10.543867,-4.691372,-2.006406,-0.947768,-0.544998,-0.178161,0.041726,0.595441,0.628163,0.770823,0.308502,-0.563907,-0.386436,0.680729,2.907992,3.306525,2.062035,0.542879,-0.215850,0.066531,0.168140,-0.104007,0.143509,0.709109,1.239129,1.562985,1.523496,1.083172,0.699492,0.719510,0.313480,0.195506,0.121202,0.020121,-0.071702,-0.167338,-0.265244,-0.475409,-0.307281,-0.374184,-0.402357,-0.127289,-0.042818,0.069815,0.179163,0.582064,0.287009,0.196982,0.137988,0.063634,0.021373,0.009441,0.037041,0.148608,0.277460,0.283795,0.156598,-0.243582,-0.402698,-0.499713,-0.225636,0.380820,0.300088,0.378530,0.501105,0.320232,0.276726,0.017290,-0.142445,-0.449201,-0.310296,-0.319659,-0.428378,-0.258076,-0.153090,0.373703,1.045607,2.352216,11.801005,
-36.750216,-17.708635,-8.094895,-4.186901,-1.877241,-0.807132,-0.157301,0.478714,1.377285,2.828056,6.448441,11.605135,10.777608,2.140928,-3.888990,-10.390118,-10.628321,-4.932152,-2.190480,-1.153834,-0.683310,-0.527402,-0.577879,-0.318214,-0.054033,0.142757,0.186404,-0.083522,0.367388,1.575660,2.511913,2.628904,1.365068,0.001276,-0.191009,0.238479,0.253438,-0.407919,-0.178732,0.305648,1.143176,1.993810,2.383464,2.170786,1.448317,0.540723,0.288001,0.157688,0.079958,0.014641,-0.048761,-0.128957,-0.259148,-0.520355,-0.494659,-0.441392,-0.361039,-0.064724,0.079695,0.286774,0.285672,0.499113,0.216630,0.117257,0.072512,0.043294,0.033852,0.052576,0.123501,0.311161,0.259452,0.291168,0.153876,-0.260397,-0.420981,-0.423121,-0.184336,0.423104,0.276350,0.285445,0.370466,0.229231,0.254087,0.047358,-0.163837,-0.525482,-0.294546,-0.265529,-0.384858,-0.215049,-0.157490,0.318425,0.978944,2.263959,11.840963,
-35.663479,-17.816742,-9.169936,-4.467386,-1.754752,-0.986582,-0.439819,0.280997,1.137592,2.689337,6.175636,11.459788,10.766040,2.566683,-2.268554,-8.677387,-9.580332,-4.880287,-2.061641,-1.515073,-0.924150,-0.989433,-1.866046,-1.425062,-0.681746,-0.214037,0.001794,0.163480,0.635082,1.725680,1.999439,1.938110,1.135071,0.374430,0.677507,1.024596,0.703100,-0.787500,-0.824895,-0.722619,0.268940,1.627727,2.828270,3.115564,2.283454,0.571820,0.327013,0.170132,0.078704,0.016712,-0.041799,-0.127457,-0.297254,-0.680030,-0.517116,-0.304197,-0.247197,0.115413,0.201025,0.387984,0.372356,0.202416,0.104717,0.059948,0.039673,0.032469,0.041599,0.079814,0.177459,0.399248,0.329207,0.137954,0.002130,-0.190380,-0.359748,-0.347503,-0.109195,0.459926,0.278139,0.306880,0.191071,0.123479,0.108195,0.108743,-0.148798,-0.502293,-0.269817,-0.239371,-0.364371,-0.200846,-0.160062,0.298595,0.952929,2.239714,11.849225,
-34.328555,-17.741913,-10.198300,-5.140986,-1.867288,-1.070305,-0.658164,0.147380,0.978392,2.441166,5.663255,10.861553,10.745297,3.838712,-0.130544,-6.283971,-7.937593,-4.011073,-1.478614,-1.301409,-1.058158,-2.818105,-4.121108,-3.232032,-1.464813,-0.444266,-0.112126,0.225936,0.725804,1.245738,1.586868,1.710308,1.619818,1.519221,1.992529,2.158173,1.254730,-1.028108,-1.593332,-2.029500,-1.263343,0.459459,2.439783,3.597684,2.883085,1.056588,0.489835,0.227683,0.099209,0.025829,-0.036120,-0.127925,-0.323250,-0.795686,-0.405950,-0.207452,-0.075795,0.133549,0.357183,0.429825,0.337111,-0.036257,0.008012,0.017473,0.020123,0.027236,0.048626,0.101965,0.227728,0.525063,0.215006,0.016281,-0.094957,-0.273846,-0.200983,-0.206781,0.090240,0.515642,0.254375,0.154920,0.087763,0.046744,0.018895,-0.022363,-0.142765,-0.358471,-0.220157,-0.217029,-0.352811,-0.195464,-0.161940,0.289970,0.942134,2.232201,11.851882,
-33.391504,-17.625394,-10.736399,-5.822819,-2.280045,-0.955413,-0.659092,0.098096,0.854647,2.088657,4.909274,9.794090,10.519070,5.675418,2.466727,-3.236918,-5.654053,-2.780762,-1.045839,-0.955169,-1.450147,-4.904596,-6.608716,-5.428872,-2.444530,-0.786270,-0.298157,0.285609,0.767332,0.737002,1.411863,1.799558,2.159089,2.591453,2.862839,2.655526,1.373182,-1.105574,-2.008703,-2.764836,-2.486723,-0.625336,1.922932,3.663791,3.367757,1.487508,0.666855,0.299732,0.129100,0.039894,-0.025376,-0.111380,-0.290418,-0.736604,-0.364561,-0.176569,-0.028853,0.229550,0.382885,0.399535,0.279509,-0.200259,-0.048834,-0.006714,0.009555,0.026137,0.056698,0.120829,0.260617,0.563951,0.126395,-0.186336,-0.191859,-0.272385,-0.097337,0.015901,0.225272,0.557341,0.232382,0.070479,0.015472,-0.012516,-0.044454,-0.089097,-0.136232,-0.284409,-0.179729,-0.200389,-0.347174,-0.194241,-0.164874,0.282201,0.933812,2.229337,11.855742,
-33.899363,-17.588230,-10.112357,-5.823005,-2.476265,-0.956223,-0.510188,0.125675,0.836894,1.566192,3.840112,8.482249,9.778647,6.436148,5.454163,0.540651,-2.530020,-1.191801,-0.700276,-1.194658,-1.977075,-5.794382,-9.075943,-7.787444,-3.679379,-1.504304,-0.774180,0.115486,0.781141,1.054591,1.431951,2.083756,2.509587,2.945173,2.973055,2.305215,0.928346,-0.953290,-1.866980,-2.749589,-2.769590,-1.212122,1.448869,3.531768,3.495026,1.828145,0.824522,0.370448,0.161534,0.055586,-0.011593,-0.077222,-0.186537,-0.418487,-0.371938,-0.215704,-0.105948,0.064761,0.275851,0.243266,0.235046,-0.093422,-0.028801,-0.009511,0.005108,0.028704,0.069548,0.145833,0.306455,0.676342,-0.007736,-0.299665,-0.339449,-0.182728,0.009002,0.158123,0.393029,0.586149,0.199631,-0.074637,-0.073678,-0.076311,-0.125127,-0.213827,-0.121489,-0.131623,-0.132251,-0.191371,-0.350342,-0.196609,-0.170147,0.265772,0.916288,2.227777,11.867879,
-35.506561,-17.625860,-8.774411,-5.051099,-2.454444,-1.023059,-0.359887,0.171600,0.847048,1.082159,3.005884,6.816761,8.692173,6.463850,8.649471,5.377155,1.795831,1.007550,-0.330379,-1.927424,-2.882950,-6.940207,-11.204571,-10.267719,-5.364547,-2.266410,-1.383633,-0.258185,0.673436,1.454676,1.616591,2.426404,2.964601,3.063765,2.620337,1.566093,0.529466,-0.867280,-1.452553,-2.305034,-2.808319,-1.587331,0.993593,3.196100,3.394596,2.179227,0.969279,0.437229,0.196161,0.068373,-0.007891,-0.051910,-0.086437,-0.137455,-0.213959,-0.349432,-0.313593,-0.096766,0.073585,0.222150,0.142706,0.077027,0.017558,-0.014012,-0.004961,0.033230,0.093757,0.184976,0.350283,0.726043,-0.026210,-0.344344,-0.384426,-0.244187,0.168172,0.324353,0.345954,0.538155,0.179396,-0.026582,-0.207710,-0.144531,-0.250111,-0.139146,-0.080910,-0.072827,-0.113020,-0.210193,-0.377316,-0.200364,-0.173018,0.219553,0.860587,2.228439,11.911054,
-36.722518,-17.509948,-8.025169,-4.371520,-2.345889,-0.983769,-0.306001,0.197051,0.825005,0.685551,2.324423,5.407737,7.589808,6.904726,11.598362,10.412578,6.585715,3.378405,-0.457576,-3.036714,-4.203663,-8.913967,-12.464446,-12.025650,-7.173750,-3.320598,-2.092438,-0.589325,0.660873,1.365700,1.709815,2.571935,3.217646,3.139722,2.513331,1.309819,0.307839,-0.611923,-1.216508,-2.183653,-2.784108,-1.742405,0.572270,2.839079,3.310386,2.393572,1.067285,0.497892,0.245412,0.073913,-0.042509,-0.071654,-0.029037,0.074913,-0.144399,-0.370308,-0.389270,-0.273445,-0.055334,0.056165,0.129545,0.292150,0.047131,-0.068876,-0.047897,0.037209,0.149852,0.274479,0.420393,0.821242,0.018616,-0.375088,-0.340110,-0.210579,0.182766,0.322327,0.359718,0.355194,0.120175,-0.025651,-0.205512,-0.139779,-0.234492,-0.099391,-0.040746,-0.011788,-0.110485,-0.298861,-0.477081,-0.185407,-0.131094,0.078594,0.663195,2.244924,12.074090,
-36.313447,-17.996883,-8.215077,-4.396829,-2.064506,-0.897711,-0.271178,0.237518,0.557578,0.538250,1.777812,3.840241,6.065149,7.091849,13.021158,16.079411,12.976683,4.906157,-2.755068,-5.586514,-5.939619,-9.242262,-11.460120,-13.131198,-9.567283,-4.449758,-2.371107,-0.519971,1.131442,0.994731,1.388622,2.039429,2.667460,2.685665,2.519464,1.676020,0.696097,-0.583261,-1.457651,-2.353905,-2.627885,-1.197309,1.126372,3.063328,3.173675,1.991511,1.103976,0.566224,0.374419,0.072665,-0.193419,-0.212210,-0.054401,0.133318,-0.175199,-0.332865,-0.343232,-0.214352,-0.112847,-0.032521,0.116761,0.590384,-0.021846,-0.307567,-0.188597,0.036291,0.292428,0.526325,0.519417,0.576512,0.175454,-0.044190,-0.088950,-0.047977,0.062917,0.121694,0.134782,0.114089,0.046870,-0.011816,-0.065563,-0.066463,-0.080206,-0.043824,0.006976,0.174199,-0.087271,-0.594211,-0.840903,-0.053427,0.194258,-0.377703,-0.079896,2.352661,12.725490,
-36.367332,-18.042389,-8.313779,-4.242755,-1.957544,-0.852198,-0.289442,0.108332,0.479842,0.542753,1.619656,3.670898,6.191709,8.777974,13.605914,15.687235,11.410855,3.230689,-3.149047,-5.136779,-5.161613,-7.523455,-9.829907,-13.106308,-10.965323,-5.444528,-2.404290,-0.571067,1.019683,1.267492,1.216990,1.328894,1.895389,2.110345,2.257827,1.704386,0.769691,-0.866441,-1.641492,-2.133344,-1.754546,-0.229564,1.806104,2.992754,2.773697,2.075437,0.991565,0.658141,0.334827,0.075697,-0.204219,-0.147881,-0.141357,0.257320,0.049605,-0.135114,-0.131038,-0.257120,-0.213091,-0.201727,-0.132924,0.280038,0.076412,-0.115816,-0.031441,0.040192,0.140046,0.327646,0.371559,0.642163,0.258551,0.073875,0.006626,0.000368,0.023869,0.035923,0.023602,-0.012146,-0.009763,-0.016331,-0.028061,-0.031853,-0.037785,-0.041616,-0.067601,-0.155451,0.097803,-0.524360,-0.717558,0.067039,0.420745,-0.395619,-0.379366,1.914245,12.880613,
-36.431734,-18.127835,-8.167215,-4.025451,-1.941574,-0.814698,-0.325393,0.086291,0.517194,0.428113,1.590652,3.949240,6.242491,8.362251,13.477722,13.755977,7.604570,0.658468,-2.878991,-3.374313,-3.465361,-4.154571,-7.569060,-12.639006,-12.038351,-5.950103,-2.267299,-0.732790,0.857559,2.167372,1.179876,1.065796,1.195773,1.464271,1.605947,1.161079,0.477065,-1.040231,-1.640792,-1.587013,-0.559682,1.160687,2.492378,2.690272,2.094119,1.307974,0.770450,0.643198,0.441194,0.140041,-0.172395,-0.136378,-0.196167,0.110853,0.272232,0.295637,0.117022,-0.125385,-0.426033,-0.568190,-0.297443,0.249430,0.211881,0.244866,0.121116,0.045585,-0.003209,-0.027926,0.247242,0.747993,0.311531,0.122469,0.044994,0.018610,0.011637,-0.001943,-0.048637,-0.184965,-0.064380,-0.027167,-0.018010,-0.017405,-0.024093,-0.046793,-0.127652,-0.408374,0.179437,-0.194599,-0.477828,0.153785,0.532971,-0.472144,-0.585958,1.464352,13.057462,
-36.561466,-18.040486,-8.035135,-3.853613,-1.710526,-0.663536,-0.488543,0.112926,0.381442,0.397830,1.449512,3.821306,5.945164,7.937344,13.623983,12.759394,5.403865,-0.734930,-2.303298,-2.101438,-2.375939,-3.424148,-6.141732,-12.220914,-12.492993,-5.848317,-1.968629,-0.892543,0.523911,2.634486,1.557268,1.265419,1.162242,0.892798,0.533374,0.062669,-0.244889,-0.752188,-1.297192,-0.965435,0.643694,2.175523,2.849799,2.353023,1.415282,0.625179,0.645843,0.607432,0.414527,0.303053,-0.084876,-0.119531,-0.224742,-0.336062,0.289087,0.594321,0.494038,-0.031743,-0.571808,-0.687875,-0.411200,0.451879,0.419483,0.404366,0.303406,0.052480,-0.174562,-0.178976,0.069186,0.726116,0.317980,0.136822,0.058964,0.026882,0.010928,-0.010814,-0.066608,-0.216909,-0.075487,-0.025354,-0.008930,-0.004955,-0.008327,-0.023111,-0.071454,-0.227770,0.314234,-0.078488,-0.418848,0.084997,0.294164,-0.725066,-0.732474,1.397045,13.379915,
-36.620842,-18.068430,-7.825690,-3.631694,-1.493642,-0.592851,-0.353739,0.036194,0.234449,0.125748,0.971332,2.850600,5.042874,7.025199,13.211285,12.557100,5.457242,-0.454346,-1.879274,-1.724901,-2.092435,-3.330609,-6.032105,-11.731513,-11.981213,-5.229765,-1.704065,-0.930221,0.388224,2.309351,2.162261,2.108302,1.545279,0.484507,-0.593465,-1.154834,-0.925674,-0.399501,-0.594846,-0.145963,1.348306,2.385607,2.615220,1.908808,0.980649,0.577423,0.488521,0.607688,0.582101,0.423322,0.115346,-0.107569,-0.394328,-0.694353,0.308735,0.655652,0.576370,0.042032,-0.487891,-0.614079,-0.331413,0.294517,0.362692,0.387828,0.302213,0.053590,-0.177141,-0.187699,0.049181,0.685396,0.298979,0.131372,0.059859,0.030771,0.017262,0.001110,-0.040807,-0.167831,-0.047330,-0.009018,0.004133,0.008911,0.010573,0.015868,0.041957,0.148268,0.553313,-0.070905,-0.438875,-0.150187,-0.093945,-0.919979,-0.884780,1.885886,13.571469,
-36.710707,-17.912878,-7.692084,-3.192488,-1.001204,-0.234371,-0.064096,0.196974,0.049052,-0.474395,0.135998,1.410350,3.559976,5.580514,11.232573,11.931087,6.771806,1.217385,-1.171601,-1.454938,-1.820480,-3.496222,-7.003250,-11.519687,-10.239285,-4.262826,-1.350698,-1.074323,0.452153,2.478192,2.555003,2.777572,1.878567,0.401690,-1.069686,-1.826379,-1.441020,-0.076731,0.143022,0.616165,1.360484,1.879460,1.923257,1.374584,0.658495,0.067128,0.437064,0.626002,0.737330,0.437995,0.291029,-0.120210,-0.306745,-0.733983,0.153418,0.531321,0.439623,0.119863,-0.103526,-0.319097,-0.291504,-0.154137,0.058311,0.203778,0.124182,0.050720,-0.015083,-0.060438,0.177554,0.549256,0.242713,0.102059,0.043903,0.025669,0.023976,0.025792,0.029025,0.032120,0.023014,0.017779,0.019535,0.023005,0.024040,0.035772,0.094259,0.315944,0.608646,0.130673,-0.379510,-0.261897,-0.196424,-1.033626,-0.692263,2.637953,13.567056,
-36.676818,-17.720021,-7.347306,-2.504467,-0.235141,1.115433,0.648615,0.413844,-0.218567,-1.449456,-1.233879,0.079112,2.020486,4.293563,8.187533,10.476823,8.218631,3.609877,0.297797,-0.479992,-1.424638,-5.734426,-8.549087,-11.234485,-7.952226,-2.992492,-1.317675,-1.085700,0.341783,2.081676,2.398676,2.732558,1.898263,0.520076,-0.934920,-1.749852,-1.282326,-0.216598,0.718093,0.988579,0.923751,0.987038,0.980088,0.835892,0.609142,-0.347418,0.315046,0.592456,0.721356,0.559061,0.371128,0.052107,-0.211573,-0.511357,0.077158,0.168239,0.276282,0.154421,0.177775,0.015733,-0.056037,-0.275958,-0.151904,-0.154316,0.007167,0.059640,0.102398,0.253291,0.282955,0.402275,0.166443,0.044397,0.004220,0.008360,0.030514,0.053705,0.105941,0.253530,0.092047,0.036883,0.033784,0.042481,0.030513,0.020526,0.034116,0.087196,0.775798,0.425921,-0.177464,0.015223,-0.059580,-0.934716,-0.272985,3.380355,13.643670,
-36.633152,-17.353829,-6.749766,-1.361755,1.340272,2.975831,1.586245,0.810095,-0.532251,-2.198971,-2.908874,-1.770480,-0.015574,1.161683,4.396682,7.997290,8.527745,5.426804,1.942807,0.791818,-0.786948,-6.598323,-9.182465,-10.302850,-5.780979,-1.938760,-1.228833,-0.919629,0.167306,0.848413,1.719541,1.990178,1.585818,0.479104,-0.553437,-1.026457,-1.026253,-0.382034,0.851300,0.753310,0.408001,0.258173,0.266293,0.379289,0.614593,-0.032241,0.257447,0.568855,0.942729,0.542610,0.290900,0.184862,-0.241438,0.034539,0.020752,-0.110383,-0.005581,0.133888,0.226642,0.252552,0.271431,0.103520,-0.344598,-0.262460,0.003335,0.117518,0.180183,0.333857,0.482822,0.351744,0.081445,-0.069928,-0.080921,-0.025313,0.052482,0.084685,0.154965,0.426492,0.107956,0.021192,0.051753,0.104150,0.048717,-0.011041,-0.049037,-0.200477,0.929602,0.721817,0.142191,0.041478,0.301546,-0.394152,0.130122,4.024903,13.891504,
-36.341932,-16.993449,-5.808063,1.125599,4.427406,4.681276,2.999950,1.308645,-0.841201,-2.719770,-4.130260,-4.813146,-3.508937,-0.580174,0.656711,3.550558,6.138378,5.948793,3.515006,1.388198,-1.243144,-6.863854,-7.547012,-7.246943,-4.094395,-1.616088,-0.512113,-0.569215,0.003004,0.529503,1.249382,0.656697,0.947012,0.153105,-0.060976,0.112807,-0.513742,-0.316124,0.299864,-0.824016,-0.046781,0.581718,0.157810,-0.452265,0.354572,0.372275,-0.165205,0.342956,1.522401,0.210705,0.253445,0.759556,-1.138059,0.891773,0.090869,-0.176900,-0.321709,-0.270679,-0.033378,0.131910,0.427997,0.813034,-0.794902,-0.220394,0.668609,0.303681,-0.238422,0.110080,0.748886,0.660515,-0.079391,-0.381674,-0.297827,-0.110070,0.143056,0.122406,0.095108,0.415492,-0.057562,-0.118588,0.061664,0.323160,0.084388,-0.090701,-0.070401,0.176709,0.955174,1.338687,0.067052,-0.801818,0.753098,0.731014,0.392314,4.580637,14.388714,
-36.015048,-16.389284,-4.324057,3.391199,6.753740,7.244636,3.778811,1.529566,-0.456875,-2.409527,-4.653145,-6.752083,-6.185091,-3.533963,-2.667138,-0.222160,2.866161,3.827432,2.384827,0.726802,-1.209190,-4.184792,-5.121435,-4.520428,-2.320682,-0.957955,0.002775,-0.172553,-0.098162,0.387450,0.848616,0.982185,1.022209,0.442932,0.065084,0.089371,-0.617214,-0.852761,-0.386490,-1.181934,-0.333755,0.298333,-0.161484,-0.363839,0.123420,0.574107,-0.140248,0.252642,0.952511,0.246792,0.480039,0.616246,-0.429760,0.008352,-0.301843,-0.476049,-0.517492,-0.505865,-0.224920,-0.011778,0.278356,0.402837,-0.316834,-0.099328,0.432652,0.332230,0.374350,0.733223,0.700869,-0.547564,-0.225884,-0.298842,-0.293317,-0.328025,0.084055,0.248191,0.277087,-0.089140,-0.157894,-0.055764,0.036964,0.214987,0.105709,0.092172,0.160387,0.674574,0.455193,0.834041,0.116722,-0.439998,0.686485,1.081692,1.613814,5.787656,14.890947,
-36.029206,-15.217285,-2.772131,5.571422,8.116312,7.047187,3.119245,1.332670,-0.016580,-1.448462,-4.357164,-7.582957,-7.781816,-4.961367,-5.145581,-3.162318,0.040955,2.004596,1.524415,0.344781,-0.901347,-3.164462,-2.909559,-2.177372,-1.208481,-0.510417,0.098625,0.378548,0.373758,0.544820,1.364173,2.089783,1.388591,1.386192,0.401712,-0.664058,-1.570394,-2.108348,-1.614652,-1.346021,-0.599246,-0.242484,-0.314280,-0.144228,0.035761,0.252157,0.259798,0.572060,0.884980,1.109231,1.176229,0.549042,0.124248,-0.589487,-0.977133,-1.172438,-1.062366,-0.778905,-0.451376,-0.194575,0.001558,0.098152,0.095371,0.208806,0.118501,0.482070,0.966084,1.234600,0.799319,0.003842,-0.050876,-0.416845,-0.896015,-1.150653,-0.662647,-0.332469,0.017511,0.112655,0.021022,0.017239,-0.010947,0.051088,0.135448,0.289611,0.612612,1.352818,0.220727,0.459045,0.648350,0.091860,-0.217794,0.493114,2.408686,6.538882,15.239784,
-35.573938,-13.950508,-0.345789,7.453800,8.602515,5.483120,1.804864,0.489707,0.442778,-0.032818,-3.055006,-7.126201,-8.150496,-6.632701,-7.441387,-5.708973,-1.960212,0.370683,0.855159,0.299225,-0.660579,-2.554208,-1.487736,-0.953585,-0.602821,-0.297030,0.077470,0.424547,0.913724,1.990299,2.913486,5.541645,2.562704,4.320521,1.179929,-1.924235,-4.373729,-5.208878,-4.162524,-2.325991,-0.845832,-1.019607,-0.380002,-0.012618,-0.048322,0.324736,0.550900,1.297671,1.527158,2.911339,2.877983,0.698426,1.112342,-1.322505,-2.433698,-2.901694,-2.444599,-1.580334,-0.880683,-0.423037,-0.152451,-0.018463,0.480898,0.361509,-0.026243,0.864079,1.930291,1.727278,1.292891,1.418903,-0.076974,-1.186434,-1.769768,-1.881618,-1.650735,-1.115136,-0.461623,0.083949,0.149835,0.149608,-0.132886,-0.077104,0.211134,0.538648,1.087070,1.694443,0.863483,0.474239,0.826526,0.462311,-1.216770,-0.405995,2.655785,6.644988,15.441991,
-34.393183,-12.600233,2.103784,8.503178,8.099741,2.826231,0.294940,-0.299766,0.543937,1.238363,-1.259894,-5.658081,-7.627626,-7.249800,-9.384401,-8.272798,-3.777288,-1.210725,-0.269895,-0.183979,-0.457971,-0.857355,-0.485547,-0.154898,-0.335918,-0.337789,0.146062,0.624190,1.494983,3.373283,6.303546,12.089410,7.045301,10.485111,3.892197,-4.968358,-10.526624,-11.985708,-9.146821,-4.441600,-1.539818,-1.713602,-0.407852,0.530019,-0.558674,0.778579,0.708573,2.385059,3.107799,7.085145,6.618792,1.932123,3.192913,-2.072610,-6.049290,-7.407095,-5.806666,-3.235974,-1.635645,-0.735163,-0.263836,0.018409,0.246006,0.494394,0.623793,1.671526,3.389065,4.152840,3.712298,2.339198,0.031945,-2.169586,-3.710226,-4.157839,-3.485155,-2.206556,-1.114204,-0.435603,-0.071942,0.140412,-0.163248,0.036895,0.397995,0.938883,1.722118,2.528497,2.699195,1.143134,0.224528,-0.138554,-1.852682,-1.164848,1.729395,6.459947,15.337981,
-33.705368,-11.219056,3.450964,8.455040,6.801124,0.745827,-0.417160,-0.672650,0.618971,1.790863,-0.058161,-4.221676,-6.764832,-7.097167,-10.422573,-9.784422,-5.072368,-1.925170,-0.678622,-0.387548,-0.393343,-0.467001,-0.268707,0.011024,0.042994,-0.044813,0.327337,0.859759,2.086083,4.417814,10.573551,19.808644,13.467815,19.099411,8.822742,-7.852167,-18.349058,-21.560822,-16.240390,-7.621919,-2.754725,-2.408208,-0.316445,0.849813,-1.262342,0.555201,1.153294,3.939925,6.673107,14.765345,13.835758,5.919558,6.261954,-4.869191,-12.040786,-15.006056,-11.825111,-6.010503,-2.743658,-1.085887,-0.346273,0.136174,0.168555,0.570587,1.313750,2.955986,6.542005,10.623900,10.702127,6.441239,0.251556,-5.068118,-9.052178,-10.199885,-8.162175,-4.529095,-2.064397,-0.909742,-0.171566,0.235730,-0.268895,0.034104,0.690962,1.748895,3.520841,5.743810,7.625995,2.561454,-0.664455,-0.928737,-4.453701,-4.804303,-0.308247,4.975059,14.894623,
-33.363856,-10.239608,3.855477,7.639761,5.461560,0.965507,-0.232509,-0.405761,0.748405,1.882760,0.261719,-3.613876,-6.389765,-7.676452,-10.935091,-10.386300,-5.512395,-1.976561,-0.554027,-0.528487,-0.502481,-0.643792,-0.299496,-0.081610,0.049632,0.278800,0.569204,0.981300,2.455571,5.668195,13.673609,24.972156,18.317071,27.503961,15.271002,-8.362387,-24.438360,-30.547183,-22.717242,-11.474360,-4.356044,-3.301842,-0.529703,0.829349,-1.536338,0.371672,1.762986,5.076414,10.425999,22.564613,22.039624,11.242868,9.780529,-6.651385,-18.303654,-23.581477,-18.862367,-9.622739,-4.019286,-1.213980,-0.383637,0.286981,-0.156748,0.698714,2.000806,4.303688,11.012588,19.898022,20.854863,13.140669,1.382556,-8.425574,-16.904345,-19.858988,-15.602821,-7.583967,-3.037101,-1.549561,-0.036707,0.367492,-0.309519,-0.283880,1.062186,3.039095,6.742917,13.218180,15.286863,7.065370,-0.624387,-3.603733,-9.943517,-12.188281,-5.301054,2.806451,14.106266,
-32.619558,-9.867602,3.714691,6.920688,4.278126,0.035487,-0.222704,-0.197608,0.856538,1.773079,0.326209,-3.471276,-6.090777,-6.756277,-11.088431,-10.715348,-5.609890,-2.236378,-0.964614,-0.515873,-0.269929,-0.172086,-0.395219,-0.134800,-0.001354,0.210869,0.547194,1.220925,2.745563,6.482367,14.854942,26.597534,20.408105,32.669828,20.363645,-6.882380,-26.855235,-35.829437,-27.287053,-14.018717,-5.859339,-3.915565,-0.695452,0.383011,-1.381780,0.981510,1.660769,5.519639,12.327252,27.287452,27.320659,14.941018,12.546541,-5.525437,-22.529185,-29.782016,-24.135687,-12.246968,-5.107031,-1.714997,-0.516136,0.167010,-0.335976,0.846562,2.506226,5.715159,14.457522,27.413332,28.891852,17.726330,2.708467,-10.670913,-22.969105,-27.592118,-21.485789,-10.032594,-3.965375,-2.182238,-0.371794,0.247197,-0.235190,-0.025231,1.531116,4.138945,9.654184,20.906156,22.475337,12.447088,0.430481,-6.443659,-15.794422,-19.584386,-11.281229,1.014875,13.395197,
-31.761763,-10.779262,3.499769,7.260834,3.840816,-0.707537,-0.628946,-0.613649,0.641939,2.072991,0.841741,-3.199967,-6.070876,-7.213283,-11.374757,-10.362129,-5.035744,-1.838586,-1.166553,-0.621582,-0.051105,-0.530378,-0.194270,-0.144862,-0.126768,0.165462,0.562266,1.441078,2.685177,5.997278,14.300952,26.277972,20.664940,33.417185,21.631340,-5.341039,-25.716200,-35.682498,-30.140141,-13.346564,-7.586641,-3.687934,-0.189634,-1.668339,-0.548994,0.807743,2.626340,6.233475,12.319756,29.168195,29.617228,16.225569,13.456530,-4.914448,-23.704034,-31.805597,-26.075950,-13.961295,-5.764452,-2.172013,-0.987466,0.298772,-0.336840,1.101670,3.165419,5.989784,15.596435,29.709023,32.024755,19.763572,3.696900,-11.125304,-24.690438,-30.109201,-23.976160,-12.072183,-4.750252,-2.705093,-0.789212,-0.174838,0.025112,0.443365,1.993598,5.135531,11.260549,24.580701,25.764469,16.788584,2.014474,-8.796037,-18.146023,-22.424429,-15.579639,-1.557350,13.136434,
-30.629016,-10.296550,2.744790,6.072121,2.846331,-0.859463,-0.870132,-0.580072,0.709130,1.732980,-0.010422,-4.224450,-6.679061,-6.920847,-10.371861,-9.181650,-4.048377,-1.670610,-0.965233,-0.632454,-0.377494,-0.494684,-0.351647,-0.221227,-0.088528,0.130842,0.477748,1.221717,2.361751,5.090615,11.866380,23.465171,18.824638,30.737703,20.718610,-2.494135,-21.168972,-33.719192,-28.204932,-12.434194,-7.741907,-3.889983,-0.559111,-1.704224,-0.286527,0.737517,2.544929,5.527124,11.937893,28.851923,30.329573,17.963669,14.700768,-3.321171,-23.944125,-32.886706,-27.124941,-14.643307,-6.087270,-2.152752,-1.154412,-0.047202,-0.024862,1.491693,3.115205,5.617607,14.908226,29.718332,32.793462,23.310053,5.061832,-10.602427,-25.094004,-31.378440,-25.646711,-13.250432,-5.435017,-2.786829,-0.931027,-0.286874,0.096487,0.613140,2.220103,5.575158,12.227390,27.618250,30.192113,22.274384,6.023226,-8.104802,-20.422446,-27.210182,-21.047199,-5.598864,11.928107,
-28.306625,-9.601297,1.162941,3.487655,1.031490,-0.629691,-0.957718,-0.364642,1.002475,1.129833,-1.583584,-5.715847,-7.202185,-5.968255,-8.410152,-7.041135,-2.919361,-0.894205,-0.999435,-0.961093,-0.562985,-1.031932,-0.719264,-0.438601,-0.189198,0.061605,0.322190,0.909958,2.045790,4.105986,8.967258,18.111055,13.952138,23.394601,16.103781,-0.639826,-14.844271,-25.005577,-22.342934,-10.139417,-6.935583,-4.021331,-0.977678,-1.262117,0.202611,0.398831,1.970374,4.602724,10.697519,25.182253,26.801410,16.507832,13.521245,-1.327433,-20.926508,-29.511398,-24.705419,-13.699020,-5.746014,-2.156803,-1.143118,-0.376206,0.350588,1.744452,2.714420,4.864901,13.017490,26.884131,30.229489,23.123187,5.707455,-8.811749,-22.546945,-29.140167,-24.358674,-13.303343,-5.528923,-2.850302,-0.980994,-0.319436,0.106711,0.636209,2.205808,5.440114,11.663044,25.386823,31.618377,24.963175,8.826500,-6.200129,-20.276861,-29.336141,-23.690083,-5.873265,11.570973,
-25.447273,-9.198346,-1.540478,-0.365091,-1.483821,-1.170508,-1.094079,-0.166252,1.068571,0.387693,-2.901648,-6.445173,-6.926373,-5.338504,-5.454741,-3.438293,-1.059275,-0.117437,-0.786440,-1.225864,-1.282966,-1.462379,-1.517147,-0.904993,-0.409073,0.030813,0.062224,0.669732,1.669428,3.624774,6.288933,12.080432,8.430626,14.461448,9.554530,-0.450250,-9.104654,-14.038532,-14.734858,-7.051158,-5.203522,-3.787826,-1.301960,-0.791416,0.543906,0.000183,1.673366,3.859768,8.314227,18.877231,18.964251,11.166267,9.409100,-0.103552,-14.568497,-21.251697,-18.271029,-10.867005,-4.775634,-2.024852,-1.107963,-0.378852,0.311506,1.509052,2.429591,4.012305,10.555096,21.247046,23.682915,17.518532,4.714143,-6.265983,-16.919027,-22.337578,-19.416037,-11.498220,-5.165576,-2.921541,-0.976354,-0.320058,0.092022,0.577652,2.024249,4.948755,10.429276,22.617349,28.311980,22.141947,8.123603,-4.083116,-16.588837,-25.690097,-21.283260,-5.767059,11.696914,
-23.711444,-9.819486,-5.029281,-4.311337,-3.871723,-2.302604,-1.296717,0.092635,1.100047,-0.180325,-3.384989,-5.714724,-4.972792,-2.335372,-1.401397,0.227212,1.629997,1.231110,-0.730641,-2.094375,-2.669863,-3.464591,-3.440784,-1.836275,-0.832113,-0.085432,-0.205484,0.496496,1.471946,2.794604,4.727814,7.929661,5.168340,7.956794,4.600995,-0.819804,-5.772562,-7.710881,-8.535901,-4.299015,-3.347521,-2.943956,-1.530774,-0.610767,0.524786,-0.004722,1.484116,2.940030,5.971405,12.210719,11.230070,6.105814,5.182884,0.133903,-8.599944,-12.813249,-11.643222,-7.595485,-3.578893,-1.380057,-0.561763,-0.576761,-0.010801,1.004325,2.069349,3.526328,7.950148,14.613352,15.883645,10.739817,2.738233,-4.235213,-10.721718,-14.269762,-13.028898,-8.881566,-4.612649,-2.525389,-0.834108,-0.280872,0.072059,0.476987,1.739812,4.202323,8.485733,17.483543,21.715084,16.063338,5.439779,-2.647536,-11.493203,-18.390261,-14.874596,-2.367290,12.392052,
-23.733723,-11.415945,-8.324408,-7.230781,-5.278515,-2.299515,-1.151991,0.306021,1.034145,-0.527051,-2.839533,-3.480615,-1.875020,0.919312,2.677447,4.357776,4.148000,1.868270,-1.222080,-3.562522,-4.554337,-5.969732,-5.555291,-3.353957,-1.530168,-0.426172,-0.384418,0.394518,1.404921,2.197856,4.575917,5.678142,4.038314,4.661987,2.273444,-1.557369,-4.992249,-5.426500,-4.632931,-3.131655,-2.103462,-1.921530,-1.742697,-0.511697,0.441716,0.062111,1.295222,1.908930,4.460051,7.916814,6.800899,4.128721,2.943766,-0.432782,-5.476866,-8.265530,-7.714329,-5.092373,-2.369800,-0.767300,-0.069267,-0.693682,-0.255479,0.614397,1.672998,2.983528,5.866439,9.610122,9.966741,6.667099,1.065340,-3.375503,-6.724899,-8.428493,-8.234551,-6.492105,-3.857820,-1.820640,-0.611728,-0.220037,0.054957,0.369735,1.439411,3.433271,6.516299,12.145250,14.922079,10.406283,3.206244,-1.773538,-7.729649,-11.327542,-7.418382,2.625474,12.924477,
-25.051099,-13.365040,-10.453823,-8.492604,-5.422677,-1.920425,-0.980626,0.466676,0.849997,-0.460704,-1.654747,-0.526531,1.489532,2.774579,6.585181,8.092849,6.268389,1.907798,-2.809491,-5.669581,-6.479359,-6.994020,-7.389353,-5.117862,-2.493530,-1.015911,-0.503988,0.340571,1.465574,2.028910,5.137902,4.756493,4.418122,3.900365,1.932899,-2.074953,-5.733971,-5.256319,-3.380170,-3.518569,-1.907325,-1.124571,-1.548290,-0.453686,0.431714,0.132792,1.042029,1.806302,4.036372,5.707619,4.860805,4.028866,1.841539,-1.083847,-5.035344,-6.734327,-5.688770,-3.395212,-1.564170,-0.776917,-0.387915,-0.258116,-0.049077,0.464764,1.118931,2.365708,4.795404,7.152467,7.097844,4.706435,0.068602,-3.135673,-5.086102,-5.827733,-5.707031,-4.565760,-2.937171,-1.462723,-0.482597,-0.180239,0.042190,0.287724,1.197272,2.856198,5.364326,10.544704,10.314096,6.591837,2.014712,-1.515455,-5.627621,-6.127066,-1.441214,4.613521,13.029482,
-27.140841,-14.789628,-11.237166,-8.097643,-4.813683,-2.258998,-0.870015,0.487379,0.869321,-0.275528,-0.201777,2.298446,5.075479,7.167407,11.041635,12.810131,8.887414,0.989707,-6.017899,-8.871280,-8.794363,-9.630373,-8.950664,-6.931643,-3.918345,-1.807866,-0.749359,0.255257,1.518867,2.261671,5.865177,5.406559,5.868566,5.145185,2.882665,-2.710769,-7.576254,-7.279546,-3.861486,-4.308615,-2.109456,-0.891838,-1.281403,-0.464914,0.341495,0.135859,1.125116,2.519352,4.829341,5.175985,4.112684,3.855346,1.183312,-1.913550,-5.461844,-6.625696,-4.967463,-2.383678,-1.232974,-1.404925,-0.693056,-0.062426,0.352315,0.499740,0.739371,2.179156,4.437202,6.709411,6.126968,3.473739,-0.180411,-3.028131,-4.821629,-5.278007,-4.801948,-3.501240,-2.206577,-1.550857,-0.499029,-0.169506,0.044452,0.269492,1.027875,2.323925,4.123408,7.317948,7.142268,4.308550,1.080791,-1.711017,-4.640390,-2.859100,2.775458,8.410659,13.962335,
-31.658406,-15.584465,-10.705201,-5.352662,-3.473212,-1.819351,-0.712850,0.307343,0.953031,0.114450,1.369737,4.901902,8.632900,10.446645,17.721832,21.899492,14.667554,-1.681655,-14.220637,-15.138934,-10.808722,-11.294213,-9.388543,-9.041389,-6.964600,-3.222402,-0.884339,0.113834,1.044032,3.265786,7.830632,8.262669,7.787919,7.769186,3.908942,-5.353030,-11.262183,-10.431530,-5.611224,-3.805936,-2.158283,-1.175501,-0.962035,-0.744188,-0.054129,0.619345,1.590912,4.050555,7.216900,6.433861,4.332574,3.528600,1.807846,-3.494820,-6.090337,-7.904200,-6.806602,-3.547410,-1.426635,-1.234740,-0.830561,-0.189964,0.225959,0.783094,1.240462,2.676685,5.001278,6.867382,6.122412,4.021132,-0.262906,-3.317059,-5.377043,-5.964627,-5.235100,-3.657442,-2.268679,-1.477559,-0.622410,-0.138849,0.081842,0.440611,1.036576,1.831305,3.242253,5.607437,6.740228,3.790280,-0.004505,-2.296284,-4.035186,-1.533986,4.297054,10.169316,16.778702,
-34.280135,-15.294470,-8.726852,-4.107212,-1.506132,-1.949481,-0.863890,0.257663,0.605689,0.629263,2.705535,7.014704,11.054725,12.670005,22.669686,25.578332,13.400019,-6.660475,-18.854073,-17.071393,-10.582312,-9.885812,-9.317063,-10.038907,-8.446568,-4.264184,-1.258205,0.154561,1.065084,4.180703,9.295770,10.231329,9.202994,8.397632,3.923987,-5.683681,-12.006744,-13.480923,-6.930716,-4.560828,-2.932793,-1.444966,-0.744097,-0.399013,0.093686,0.742509,2.203366,6.080467,10.070568,9.144441,5.131175,2.334755,0.430460,-3.355506,-7.363674,-10.018882,-9.013871,-4.814020,-2.153355,-1.022789,-0.678956,-0.180063,0.149095,0.683879,1.627759,3.597380,6.810660,8.534023,7.433742,5.308317,0.391054,-3.596410,-7.240337,-8.720938,-7.318100,-4.433719,-2.150301,-1.362329,-0.744864,-0.422590,0.067618,0.702364,1.578196,2.522651,3.655441,5.846745,7.186186,4.106104,0.106279,-2.749169,-4.988561,-2.822565,3.051943,9.724004,13.386024,
-33.670820,-14.532318,-6.237664,-3.420818,-2.094895,-1.196710,-0.500373,0.193193,0.540684,1.165947,3.727529,8.978105,11.350122,9.779501,19.515112,19.825637,7.445069,-8.403865,-15.960517,-12.749091,-6.932646,-4.504208,-7.873319,-10.071334,-9.174496,-5.286654,-1.827045,-0.173443,1.228494,3.885389,8.662375,9.462356,8.078751,7.177431,3.634055,-3.920058,-9.543736,-11.061814,-6.975300,-5.408693,-3.848291,-2.316946,-1.113403,-0.405021,0.205683,1.133643,2.998643,7.981579,12.619233,11.644822,6.549836,1.816903,-0.840892,-4.173581,-8.100993,-11.453358,-10.910418,-6.569957,-2.679073,-1.142068,-0.538977,-0.047130,0.038814,0.708444,2.163057,5.259732,8.500253,9.915327,7.972430,4.034323,0.837278,-3.532944,-8.282934,-10.741998,-8.886644,-4.846398,-1.872847,-1.383366,-0.996263,-0.564334,0.027333,0.742789,2.132045,3.212914,4.480579,8.323186,7.527092,3.938391,-0.305495,-3.525682,-6.301917,-4.888239,0.567966,5.806879,11.776385,
-27.533615,-12.221688,-4.780751,-2.299555,-1.917302,-0.865424,-0.305573,0.237151,0.713595,1.231102,3.682696,7.426212,9.103391,9.469675,11.230420,9.586126,2.355571,-4.893400,-7.787162,-6.252531,-4.290536,-4.573329,-6.069640,-7.872682,-7.411328,-4.536259,-1.630600,-0.198587,1.127065,4.251090,5.949720,5.789874,4.580177,4.501596,2.928460,-1.557765,-5.561510,-7.461054,-5.386301,-4.525626,-3.510946,-2.165942,-1.048384,-0.425025,0.295198,1.506558,2.851665,6.840911,10.462906,9.756688,5.525147,1.287716,-1.118673,-3.671588,-6.571878,-9.312557,-9.176884,-5.824203,-2.456484,-0.927735,-0.493700,0.086030,0.038430,0.574048,2.137738,4.694151,7.335236,8.219365,6.870169,5.670946,0.884118,-3.406809,-7.767916,-10.091715,-8.504268,-4.637575,-1.773378,-0.527832,-0.773075,-0.573383,0.030472,0.756594,1.955092,2.856505,4.276370,9.079725,6.285429,2.833641,-0.420825,-2.932681,-5.519625,-4.716475,-0.591953,2.114444,11.517399,
